-- --------------------------------------------------------
-- 主机:                           127.0.0.1
-- 服务器版本:                        8.0.34 - MySQL Community Server - GPL
-- 服务器操作系统:                      Win64
-- HeidiSQL 版本:                  12.0.0.6468
-- --------------------------------------------------------

/*!40101 SET @OLD_CHARACTER_SET_CLIENT=@@CHARACTER_SET_CLIENT */;
/*!40101 SET NAMES utf8 */;
/*!50503 SET NAMES utf8mb4 */;
/*!40103 SET @OLD_TIME_ZONE=@@TIME_ZONE */;
/*!40103 SET TIME_ZONE='+00:00' */;
/*!40014 SET @OLD_FOREIGN_KEY_CHECKS=@@FOREIGN_KEY_CHECKS, FOREIGN_KEY_CHECKS=0 */;
/*!40101 SET @OLD_SQL_MODE=@@SQL_MODE, SQL_MODE='NO_AUTO_VALUE_ON_ZERO' */;
/*!40111 SET @OLD_SQL_NOTES=@@SQL_NOTES, SQL_NOTES=0 */;


-- 导出 fastcc 的数据库结构
CREATE DATABASE IF NOT EXISTS `fastcc` /*!40100 DEFAULT CHARACTER SET utf8mb4 COLLATE utf8mb4_0900_ai_ci */ /*!80016 DEFAULT ENCRYPTION='N' */;
USE `fastcc`;

-- 导出  表 fastcc.casbin_rule 结构
CREATE TABLE IF NOT EXISTS `casbin_rule` (
  `ptype` varchar(10) CHARACTER SET utf8mb4 COLLATE utf8mb4_general_ci DEFAULT NULL,
  `v0` varchar(256) CHARACTER SET utf8mb4 COLLATE utf8mb4_general_ci DEFAULT NULL,
  `v1` varchar(256) CHARACTER SET utf8mb4 COLLATE utf8mb4_general_ci DEFAULT NULL,
  `v2` varchar(256) CHARACTER SET utf8mb4 COLLATE utf8mb4_general_ci DEFAULT NULL,
  `v3` varchar(256) CHARACTER SET utf8mb4 COLLATE utf8mb4_general_ci DEFAULT NULL,
  `v4` varchar(256) CHARACTER SET utf8mb4 COLLATE utf8mb4_general_ci DEFAULT NULL,
  `v5` varchar(256) CHARACTER SET utf8mb4 COLLATE utf8mb4_general_ci DEFAULT NULL
) ENGINE=InnoDB DEFAULT CHARSET=utf8mb4 COLLATE=utf8mb4_general_ci ROW_FORMAT=COMPACT;

-- 正在导出表  fastcc.casbin_rule 的数据：~34 rows (大约)
INSERT INTO `casbin_rule` (`ptype`, `v0`, `v1`, `v2`, `v3`, `v4`, `v5`) VALUES
	('p', '1', '28', 'All', '', '', ''),
	('p', '1', '30', 'All', '', '', ''),
	('p', '1', '3', 'All', '', '', ''),
	('p', '1', '4', 'All', '', '', ''),
	('p', '1', '11', 'All', '', '', ''),
	('p', '1', '12', 'All', '', '', ''),
	('p', '1', '13', 'All', '', '', ''),
	('p', '1', '14', 'All', '', '', ''),
	('p', '1', '19', 'All', '', '', ''),
	('p', '1', '20', 'All', '', '', ''),
	('p', '1', '21', 'All', '', '', ''),
	('p', '1', '23', 'All', '', '', ''),
	('p', '1', '24', 'All', '', '', ''),
	('p', '1', '25', 'All', '', '', ''),
	('g', 'u_3', '1', '', '', '', ''),
	('g', 'u_3', '2', '', '', '', ''),
	('p', '2', '31', 'All', '', '', ''),
	('p', '2', '34', 'All', '', '', ''),
	('g', 'u_31', '2', '', '', '', ''),
	('p', '2', '33', 'All', '', '', ''),
	('p', '1', '29', 'All', '', '', ''),
	('p', '2', '32', 'All', '', '', ''),
	('p', '1', '22', 'All', '', '', ''),
	('p', '1', '10', 'All', '', '', ''),
	('p', '1', '1', 'All', '', '', ''),
	('p', '1', '27', 'All', '', '', ''),
	('p', '1', '35', 'All', '', '', ''),
	('p', '1', '15', 'All', '', '', ''),
	('p', '1', '26', 'All', '', '', ''),
	('p', '1', '2', 'All', '', '', ''),
	('p', '1', '61', 'All', '', '', ''),
	('p', '1', '60', 'All', '', '', ''),
	('p', '1', '59', 'All', '', '', ''),
	('p', '1', '62', 'All', '', '', '');

-- 导出  表 fastcc.sys_auth_rule 结构
CREATE TABLE IF NOT EXISTS `sys_auth_rule` (
  `id` int unsigned NOT NULL AUTO_INCREMENT,
  `pid` int unsigned NOT NULL DEFAULT '0' COMMENT '父ID',
  `name` varchar(100) CHARACTER SET utf8mb4 COLLATE utf8mb4_general_ci NOT NULL DEFAULT '' COMMENT '规则名称',
  `title` varchar(50) CHARACTER SET utf8mb4 COLLATE utf8mb4_general_ci NOT NULL DEFAULT '' COMMENT '规则名称',
  `icon` varchar(300) CHARACTER SET utf8mb4 COLLATE utf8mb4_general_ci NOT NULL DEFAULT '' COMMENT '图标',
  `condition` varchar(255) CHARACTER SET utf8mb4 COLLATE utf8mb4_general_ci NOT NULL DEFAULT '' COMMENT '条件',
  `remark` varchar(255) CHARACTER SET utf8mb4 COLLATE utf8mb4_general_ci NOT NULL DEFAULT '' COMMENT '备注',
  `menu_type` tinyint unsigned NOT NULL DEFAULT '0' COMMENT '类型 0目录 1菜单 2按钮',
  `weigh` int NOT NULL DEFAULT '0' COMMENT '权重',
  `is_hide` tinyint unsigned NOT NULL DEFAULT '0' COMMENT '显示状态',
  `path` varchar(100) CHARACTER SET utf8mb4 COLLATE utf8mb4_general_ci NOT NULL DEFAULT '' COMMENT '路由地址',
  `component` varchar(100) CHARACTER SET utf8mb4 COLLATE utf8mb4_general_ci NOT NULL DEFAULT '' COMMENT '组件路径',
  `is_link` tinyint unsigned NOT NULL DEFAULT '0' COMMENT '是否外链 1是 0否',
  `module_type` varchar(30) CHARACTER SET utf8mb4 COLLATE utf8mb4_general_ci NOT NULL DEFAULT '' COMMENT '所属模块',
  `model_id` int unsigned NOT NULL DEFAULT '0' COMMENT '模型ID',
  `is_iframe` tinyint unsigned NOT NULL DEFAULT '0' COMMENT '是否内嵌iframe',
  `is_cached` tinyint unsigned NOT NULL DEFAULT '0' COMMENT '是否缓存',
  `redirect` varchar(255) CHARACTER SET utf8mb4 COLLATE utf8mb4_general_ci NOT NULL DEFAULT '' COMMENT '路由重定向地址',
  `is_affix` tinyint unsigned NOT NULL DEFAULT '0' COMMENT '是否固定',
  `link_url` varchar(500) CHARACTER SET utf8mb4 COLLATE utf8mb4_general_ci NOT NULL DEFAULT '' COMMENT '链接地址',
  `created_at` datetime DEFAULT NULL COMMENT '创建日期',
  `updated_at` datetime DEFAULT NULL COMMENT '修改日期',
  PRIMARY KEY (`id`) USING BTREE,
  UNIQUE KEY `name` (`name`) USING BTREE,
  KEY `pid` (`pid`) USING BTREE,
  KEY `weigh` (`weigh`) USING BTREE
) ENGINE=InnoDB AUTO_INCREMENT=63 DEFAULT CHARSET=utf8mb4 COLLATE=utf8mb4_general_ci ROW_FORMAT=COMPACT COMMENT='菜单节点表';

-- 正在导出表  fastcc.sys_auth_rule 的数据：~33 rows (大约)
INSERT INTO `sys_auth_rule` (`id`, `pid`, `name`, `title`, `icon`, `condition`, `remark`, `menu_type`, `weigh`, `is_hide`, `path`, `component`, `is_link`, `module_type`, `model_id`, `is_iframe`, `is_cached`, `redirect`, `is_affix`, `link_url`, `created_at`, `updated_at`) VALUES
	(1, 0, 'api/v1/system/auth', '职务管理', 'ele-Stamp', '', '', 0, 30, 0, '/system/auth', 'layout/routerView/parent', 0, '', 0, 0, 1, '0', 0, '', '2022-03-24 15:03:37', '2024-03-06 08:20:32'),
	(2, 0, 'api/v1/system/auth/menuList', '系统管理', 'ele-Calendar', '', '', 0, 1, 0, '/system/auth/menuList', 'system/menu/index', 0, '', 0, 0, 1, '', 0, '', '2022-03-24 17:24:13', '2024-03-08 01:38:59'),
	(3, 2, 'api/v1/system/menu/add', '添加菜单', '', '', '', 2, 0, 0, '', '', 0, '', 0, 0, 1, '', 0, '', '2022-03-29 16:48:43', '2022-03-29 17:05:19'),
	(4, 2, 'api/v1/system/menu/update', '修改菜单', '', '', '', 2, 0, 0, '', '', 0, '', 0, 0, 1, '', 0, '', '2022-03-29 17:04:25', '2022-03-29 18:11:36'),
	(10, 1, 'api/v1/system/role/list', '角色管理', 'iconfont icon-juxingkaobei', '', '', 1, 0, 0, '/system/auth/roleList', 'system/role/index', 0, '', 0, 0, 1, '', 0, '', '2022-03-29 18:15:03', '2024-03-06 08:19:34'),
	(11, 2, 'api/v1/system/menu/delete', '删除菜单', '', '', '', 2, 0, 0, '', '', 0, '', 0, 0, 1, '', 0, '', '2022-04-06 14:49:10', '2022-04-06 14:49:17'),
	(12, 10, 'api/v1/system/role/add', '添加角色', '', '', '', 2, 0, 0, '', '', 0, '', 0, 0, 1, '', 0, '', '2022-04-06 14:49:46', '2022-04-06 14:49:46'),
	(13, 10, '/api/v1/system/role/edit', '修改角色', '', '', '', 2, 0, 0, '', '', 0, '', 0, 0, 1, '', 0, '', '2022-04-06 14:50:08', '2022-04-06 14:50:08'),
	(14, 10, '/api/v1/system/role/delete', '删除角色', '', '', '', 2, 0, 0, '', '', 0, '', 0, 0, 1, '', 0, '', '2022-04-06 14:50:22', '2022-04-06 14:50:22'),
	(15, 0, 'api/v1/system/dept/list', '部门管理', 'iconfont icon-siweidaotu', '', '', 0, 99, 0, '/system/auth/deptList', 'system/dept/index', 0, '', 0, 0, 1, '', 0, '', '2022-04-06 14:52:23', '2024-03-08 01:38:40'),
	(19, 15, 'api/v1/system/dept/add', '添加部门', '', '', '', 2, 0, 0, '', '', 0, '', 0, 0, 1, '', 0, '', '2022-04-07 22:56:39', '2022-04-07 22:56:39'),
	(20, 15, 'api/v1/system/dept/edit', '修改部门', '', '', '', 2, 0, 0, '', '', 0, '', 0, 0, 1, '', 0, '', '2022-04-07 22:57:00', '2022-04-07 22:57:00'),
	(21, 15, 'api/v1/system/dept/delete', '删除部门', '', '', '', 2, 0, 0, '', '', 0, '', 0, 0, 1, '', 0, '', '2022-04-07 22:57:30', '2022-04-07 22:57:30'),
	(22, 1, 'api/v1/system/post/list', '岗位管理', 'iconfont icon-neiqianshujuchucun', '', '', 1, 0, 0, '/system/auth/postList', 'system/post/index', 0, '', 0, 0, 1, '', 0, '', '2022-04-07 22:58:46', '2024-03-06 08:19:25'),
	(23, 22, 'api/v1/system/post/add', '添加岗位', '', '', '', 2, 0, 0, '', '', 0, '', 0, 0, 1, '', 0, '', '2022-04-09 14:14:49', '2022-04-09 14:14:49'),
	(24, 22, 'api/v1/system/post/edit', '修改岗位', '', '', '', 2, 0, 0, '', '', 0, '', 0, 0, 1, '', 0, '', '2022-04-09 14:15:25', '2022-04-09 14:15:25'),
	(25, 22, 'api/v1/system/post/delete', '删除岗位', '', '', '', 2, 0, 0, '', '', 0, '', 0, 0, 1, '', 0, '', '2022-04-09 14:15:47', '2022-04-09 14:15:47'),
	(26, 0, 'api/v1/system/user/list', '人员管理', 'ele-User', '', '', 0, 98, 0, '/system/auth/user/list', 'system/user/index', 0, '', 0, 0, 1, '', 0, '', '2022-04-09 14:19:10', '2024-03-08 01:38:53'),
	(27, 0, 'api/v1/system/dict', '系统配置', 'iconfont icon-shuxingtu', '', '', 0, 40, 1, '/system/dict', 'layout/routerView/parent', 0, '', 0, 0, 1, '654', 0, '', '2022-04-14 16:28:51', '2024-03-08 01:36:36'),
	(28, 27, 'api/v1/system/dict/type/list', '字典管理', 'iconfont icon-crew_feature', '', '', 1, 0, 0, '/system/dict/type/list', 'system/dict/index', 0, '', 0, 0, 1, '', 0, '', '2022-04-14 16:32:10', '2022-04-16 17:02:50'),
	(29, 27, 'api/v1/system/dict/dataList', '字典数据管理', 'iconfont icon-putong', '', '', 1, 0, 0, '/system/dict/data/list/:dictType', 'system/dict/dataList', 0, '', 0, 0, 1, '', 0, '', '2022-04-18 12:04:17', '2024-03-06 02:17:37'),
	(30, 27, 'api/v1/system/config/list', '参数管理', 'ele-Cherry', '', '', 1, 0, 0, '/system/config/list', 'system/config/index', 0, '', 0, 0, 1, '', 0, '', '2022-04-18 21:05:20', '2022-04-18 21:13:19'),
	(31, 0, 'api/v1/system/monitor', '系统监控', 'iconfont icon-xuanzeqi', '', '', 0, 30, 0, '/system/monitor', 'layout/routerView/parent', 0, '', 0, 0, 1, '', 0, '', '2022-04-19 10:40:19', '2022-04-19 10:44:38'),
	(32, 31, 'api/v1/system/monitor/server', '服务监控', 'iconfont icon-shuju', '', '', 0, 0, 0, '/system/monitor/server', 'system/monitor/server/index', 0, '', 0, 0, 1, '', 0, '', '2022-04-19 10:43:32', '2024-03-06 02:23:09'),
	(33, 35, 'api/swagger', 'api文档', 'iconfont icon--chaifenlie', '', '', 1, 0, 0, '/system/swagger', 'layout/routerView/iframes', 1, '', 0, 1, 1, '', 0, 'http://localhost:8808/swagger', '2022-04-21 09:23:43', '2022-11-29 17:10:35'),
	(34, 31, 'api/v1/system/loginLog/list', '登录日志', 'ele-Finished', '', '', 1, 0, 0, '/system/monitor/loginLog', 'system/monitor/loginLog/index', 0, '', 0, 0, 1, '', 0, '', '2022-04-28 09:59:47', '2022-04-28 09:59:47'),
	(35, 0, 'api/v1/system/tools', 'api文档', 'iconfont icon-zujian', '', '', 0, 25, 1, '/system/tools', 'layout/routerView/parent', 0, '', 0, 0, 1, '', 0, '', '2022-10-26 09:29:08', '2024-03-08 01:38:11'),
	(38, 31, 'api/v1/system/operLog/list', '操作日志', 'iconfont icon-bolangnengshiyanchang', '', '', 1, 0, 0, '/system/monitor/operLog', 'system/monitor/operLog/index', 0, '', 0, 0, 1, '', 0, '', '2022-12-23 16:19:05', '2022-12-23 16:21:50'),
	(39, 31, 'api/v1/system/online/list', '在线用户', 'iconfont icon-skin', '', '', 1, 0, 0, '/system/monitor/userOnlie', 'system/monitor/userOnline/index', 0, '', 0, 0, 1, '', 0, '', '2023-01-11 15:48:06', '2023-01-11 17:02:39'),
	(59, 0, 'api/v1/system/details/list', '任职信息', 'iconfont icon-shouye_dongtaihui', '', '', 0, 0, 0, '/system/details', 'system/details/index', 0, '', 0, 0, 1, '', 0, '', '2024-03-10 08:43:12', '2024-03-11 13:27:02'),
	(60, 0, 'api/v1/system/jiangcheng/list', '奖惩记录', 'iconfont icon-LoggedinPC', '', '', 0, 0, 0, '/system/jiangcheng', 'system/jiangcheng/index', 0, '', 0, 0, 1, '', 0, '', '2024-03-10 23:03:43', '2024-03-11 13:21:54'),
	(61, 0, 'api/v1/system/study/list', '学习记录', 'iconfont icon-xingqiu', '', '', 0, 0, 0, '/system/study', 'system/study/index', 0, '', 0, 0, 1, '', 0, '', '2024-03-11 13:21:00', '2024-03-11 13:21:48'),
	(62, 0, 'api/v1/system/exmessage/list', '拓展信息', 'iconfont icon-gouxuan-weixuanzhong-xianxingfangkuang', '', '', 0, 0, 0, '/system/exmessage', 'system/exmessage/index', 0, '', 0, 0, 1, '', 0, '', '2024-03-11 13:32:24', '2024-03-11 13:32:24');

-- 导出  表 fastcc.sys_config 结构
CREATE TABLE IF NOT EXISTS `sys_config` (
  `config_id` int unsigned NOT NULL AUTO_INCREMENT COMMENT '参数主键',
  `config_name` varchar(100) CHARACTER SET utf8mb4 COLLATE utf8mb4_general_ci DEFAULT '' COMMENT '参数名称',
  `config_key` varchar(100) CHARACTER SET utf8mb4 COLLATE utf8mb4_general_ci DEFAULT '' COMMENT '参数键名',
  `config_value` varchar(500) CHARACTER SET utf8mb4 COLLATE utf8mb4_general_ci DEFAULT '' COMMENT '参数键值',
  `config_type` tinyint(1) DEFAULT '0' COMMENT '系统内置（Y是 N否）',
  `create_by` int unsigned DEFAULT '0' COMMENT '创建者',
  `update_by` int unsigned DEFAULT '0' COMMENT '更新者',
  `remark` varchar(500) CHARACTER SET utf8mb4 COLLATE utf8mb4_general_ci DEFAULT NULL COMMENT '备注',
  `created_at` datetime DEFAULT NULL COMMENT '创建时间',
  `updated_at` datetime DEFAULT NULL COMMENT '修改时间',
  PRIMARY KEY (`config_id`) USING BTREE,
  UNIQUE KEY `uni_config_key` (`config_key`) USING BTREE
) ENGINE=InnoDB AUTO_INCREMENT=12 DEFAULT CHARSET=utf8mb4 COLLATE=utf8mb4_general_ci ROW_FORMAT=COMPACT;

-- 正在导出表  fastcc.sys_config 的数据：~5 rows (大约)
INSERT INTO `sys_config` (`config_id`, `config_name`, `config_key`, `config_value`, `config_type`, `create_by`, `update_by`, `remark`, `created_at`, `updated_at`) VALUES
	(1, '文件上传-文件大小', 'sys.uploadFile.fileSize', '50M', 1, 31, 31, '文件上传大小限制', NULL, '2021-07-06 14:57:35'),
	(2, '文件上传-文件类型', 'sys.uploadFile.fileType', 'doc,docx,zip,xls,xlsx,rar,jpg,jpeg,gif,npm,png,mp4', 1, 31, 31, '文件上传后缀类型限制', NULL, '2022-12-16 09:52:45'),
	(3, '图片上传-图片类型', 'sys.uploadFile.imageType', 'jpg,jpeg,gif,npm,png', 1, 31, 0, '图片上传后缀类型限制', NULL, NULL),
	(4, '图片上传-图片大小', 'sys.uploadFile.imageSize', '50M', 1, 31, 31, '图片上传大小限制', NULL, NULL),
	(11, '静态资源', 'static.resource', '/', 1, 2, 0, '', NULL, NULL);

-- 导出  表 fastcc.sys_dept 结构
CREATE TABLE IF NOT EXISTS `sys_dept` (
  `dept_id` bigint NOT NULL AUTO_INCREMENT COMMENT '部门id',
  `parent_id` bigint DEFAULT '0' COMMENT '父部门id',
  `ancestors` varchar(50) CHARACTER SET utf8mb4 COLLATE utf8mb4_general_ci DEFAULT '' COMMENT '祖级列表',
  `dept_name` varchar(30) CHARACTER SET utf8mb4 COLLATE utf8mb4_general_ci DEFAULT '' COMMENT '部门名称',
  `order_num` int DEFAULT '0' COMMENT '显示顺序',
  `leader` varchar(20) CHARACTER SET utf8mb4 COLLATE utf8mb4_general_ci DEFAULT NULL COMMENT '负责人',
  `phone` varchar(11) CHARACTER SET utf8mb4 COLLATE utf8mb4_general_ci DEFAULT NULL COMMENT '联系电话',
  `email` varchar(50) CHARACTER SET utf8mb4 COLLATE utf8mb4_general_ci DEFAULT NULL COMMENT '邮箱',
  `status` tinyint unsigned DEFAULT '0' COMMENT '部门状态（0正常 1停用）',
  `created_by` bigint unsigned DEFAULT '0' COMMENT '创建人',
  `updated_by` bigint DEFAULT NULL COMMENT '修改人',
  `created_at` datetime DEFAULT NULL COMMENT '创建时间',
  `updated_at` datetime DEFAULT NULL COMMENT '修改时间',
  `deleted_at` datetime DEFAULT NULL COMMENT '删除时间',
  PRIMARY KEY (`dept_id`) USING BTREE
) ENGINE=InnoDB AUTO_INCREMENT=204 DEFAULT CHARSET=utf8mb4 COLLATE=utf8mb4_general_ci ROW_FORMAT=COMPACT COMMENT='部门表';

-- 正在导出表  fastcc.sys_dept 的数据：~14 rows (大约)
INSERT INTO `sys_dept` (`dept_id`, `parent_id`, `ancestors`, `dept_name`, `order_num`, `leader`, `phone`, `email`, `status`, `created_by`, `updated_by`, `created_at`, `updated_at`, `deleted_at`) VALUES
	(100, 0, '0', 'XX组织部', 0, NULL, '15888888888', 'ry@qq.com', 1, 0, 31, '2021-07-13 15:56:52', '2021-07-13 15:57:05', NULL),
	(101, 100, '0,100', 'A分部', 1, NULL, '15888888888', 'ry@qq.com', 1, 0, NULL, '2021-07-13 15:56:52', '2021-07-13 15:56:52', NULL),
	(102, 100, '0,100', 'B分部', 2, NULL, '15888888888', 'ry@qq.com', 1, 0, NULL, '2021-07-13 15:56:52', '2021-07-13 15:56:52', NULL),
	(103, 101, '0,100,101', '信访办公室', 1, NULL, '15888888888', 'ry@qq.com', 1, 0, NULL, '2021-07-13 15:56:52', '2021-07-13 15:56:52', NULL),
	(104, 101, '0,100,101', '研究室', 2, NULL, '15888888888', 'ry@qq.com', 1, 0, 31, '2021-07-13 15:56:52', '2021-11-04 09:16:38', NULL),
	(105, 101, '0,100,101', '组织科', 3, NULL, '15888888888', 'ry@qq.com', 1, 0, NULL, '2021-07-13 15:56:52', '2021-07-13 15:56:52', NULL),
	(106, 101, '0,100,101', '培训科', 4, NULL, '15888888888', 'ry@qq.com', 1, 0, NULL, '2021-07-13 15:56:52', '2021-07-13 15:56:52', NULL),
	(107, 102, '0,100,102', '监督科', 5, NULL, '15888888888', 'ry@qq.com', 1, 0, NULL, '2021-07-13 15:56:52', '2021-07-13 15:56:52', NULL),
	(108, 102, '0,100,102', '信息管理办公室', 1, NULL, '15888888888', 'ry@qq.com', 1, 0, NULL, '2021-07-13 15:56:52', '2021-07-13 15:56:52', NULL),
	(109, 102, '0,100,102', '人事部门', 2, '', '15888888888', 'ry@qq.com', 1, 0, 1, '2021-07-13 15:56:52', '2024-03-06 08:29:12', NULL),
	(110, 102, '0.100.102', '人事', 1, '', '18888888888', 'liou@qq.com', 0, 0, 31, '2021-07-13 15:56:52', '2022-09-16 16:46:57', '2024-03-06 07:15:46'),
	(201, 100, '', '开发', 1, NULL, '18888888888', 'li@qq.com', 0, 31, NULL, '2021-07-13 15:56:52', '2022-04-07 22:35:21', '2024-03-06 07:15:50'),
	(202, 108, '', '外勤', 1, NULL, '18888888888', 'aa@qq.com', 1, 0, NULL, '2021-07-13 15:56:52', '2021-07-13 15:56:52', '2024-03-06 07:15:53'),
	(203, 108, '', '行政', 0, '', '18888888888', 'aa@qq.com', 1, 0, 31, '2021-07-13 15:56:52', '2022-09-16 16:46:47', '2024-03-06 07:15:55');

-- 导出  表 fastcc.sys_details 结构
CREATE TABLE IF NOT EXISTS `sys_details` (
  `log_id` int NOT NULL COMMENT '表示本表记录的ID',
  `user_id` bigint NOT NULL COMMENT '和用户表中用户号一致，用于绑定',
  `user_name` varchar(255) NOT NULL COMMENT '用户名',
  `position` varchar(255) CHARACTER SET utf8mb4 COLLATE utf8mb4_0900_ai_ci DEFAULT NULL COMMENT '职位信息',
  `bumen` varchar(255) DEFAULT NULL COMMENT '所属部门',
  `creattime` datetime NOT NULL COMMENT '创建时间',
  `ruzhiat` datetime NOT NULL COMMENT '入职时间',
  `state` varchar(50) NOT NULL DEFAULT '' COMMENT '目前在职状态',
  `updatetime` datetime DEFAULT NULL COMMENT '更新时间',
  `deletetime` datetime DEFAULT NULL COMMENT '删除时间也是离职时间',
  `delete` bigint DEFAULT NULL COMMENT '1为删除，不对其他数字做判断',
  `updateby` int DEFAULT NULL COMMENT '修改人',
  `deleteby` int DEFAULT NULL COMMENT '删除人',
  PRIMARY KEY (`log_id`)
) ENGINE=InnoDB DEFAULT CHARSET=utf8mb4 COLLATE=utf8mb4_0900_ai_ci COMMENT='用户详细信息表';

-- 正在导出表  fastcc.sys_details 的数据：~0 rows (大约)

-- 导出  表 fastcc.sys_dict_data 结构
CREATE TABLE IF NOT EXISTS `sys_dict_data` (
  `dict_code` bigint NOT NULL AUTO_INCREMENT COMMENT '字典编码',
  `dict_sort` int DEFAULT '0' COMMENT '字典排序',
  `dict_label` varchar(100) CHARACTER SET utf8mb4 COLLATE utf8mb4_general_ci DEFAULT '' COMMENT '字典标签',
  `dict_value` varchar(100) CHARACTER SET utf8mb4 COLLATE utf8mb4_general_ci DEFAULT '' COMMENT '字典键值',
  `dict_type` varchar(100) CHARACTER SET utf8mb4 COLLATE utf8mb4_general_ci DEFAULT '' COMMENT '字典类型',
  `css_class` varchar(100) CHARACTER SET utf8mb4 COLLATE utf8mb4_general_ci DEFAULT NULL COMMENT '样式属性（其他样式扩展）',
  `list_class` varchar(100) CHARACTER SET utf8mb4 COLLATE utf8mb4_general_ci DEFAULT NULL COMMENT '表格回显样式',
  `is_default` tinyint(1) DEFAULT '0' COMMENT '是否默认（1是 0否）',
  `status` tinyint(1) DEFAULT '0' COMMENT '状态（0正常 1停用）',
  `create_by` bigint unsigned DEFAULT '0' COMMENT '创建者',
  `update_by` bigint unsigned DEFAULT '0' COMMENT '更新者',
  `remark` varchar(500) CHARACTER SET utf8mb4 COLLATE utf8mb4_general_ci DEFAULT NULL COMMENT '备注',
  `created_at` datetime DEFAULT NULL COMMENT '创建时间',
  `updated_at` datetime DEFAULT NULL COMMENT '修改时间',
  PRIMARY KEY (`dict_code`) USING BTREE
) ENGINE=InnoDB AUTO_INCREMENT=106 DEFAULT CHARSET=utf8mb4 COLLATE=utf8mb4_general_ci ROW_FORMAT=COMPACT COMMENT='字典数据表';

-- 正在导出表  fastcc.sys_dict_data 的数据：~71 rows (大约)
INSERT INTO `sys_dict_data` (`dict_code`, `dict_sort`, `dict_label`, `dict_value`, `dict_type`, `css_class`, `list_class`, `is_default`, `status`, `create_by`, `update_by`, `remark`, `created_at`, `updated_at`) VALUES
	(1, 0, '男', '1', 'sys_user_sex', '', '', 0, 1, 31, 2, '备注信息', '2022-04-18 16:46:22', NULL),
	(2, 0, '女', '2', 'sys_user_sex', '', '', 0, 1, 31, 31, '备注信息', NULL, NULL),
	(3, 0, '保密', '0', 'sys_user_sex', '', '', 1, 1, 31, 31, '备注信息', NULL, NULL),
	(24, 0, '频道页', '1', 'cms_category_type', '', '', 0, 1, 31, 31, '作为频道页，不可作为栏目发布文章，可添加下级分类', NULL, '2021-07-21 10:54:22'),
	(25, 0, '发布栏目', '2', 'cms_category_type', '', '', 0, 1, 31, 31, '作为发布栏目，可添加文章', NULL, '2021-07-21 10:54:22'),
	(26, 0, '跳转栏目', '3', 'cms_category_type', '', '', 0, 1, 31, 31, '不直接发布内容，用于跳转页面', NULL, '2021-07-21 10:54:22'),
	(27, 0, '单页栏目', '4', 'cms_category_type', '', '', 0, 1, 31, 31, '单页面模式，分类直接显示为文章', NULL, '2021-07-21 10:54:22'),
	(28, 0, '正常', '0', 'sys_job_status', '', 'default', 1, 1, 31, 0, '', NULL, NULL),
	(29, 0, '暂停', '1', 'sys_job_status', '', 'default', 0, 1, 31, 31, '', NULL, NULL),
	(30, 0, '默认', 'DEFAULT', 'sys_job_group', '', 'default', 1, 1, 31, 0, '', NULL, NULL),
	(31, 0, '系统', 'SYSTEM', 'sys_job_group', '', 'default', 0, 1, 31, 0, '', NULL, NULL),
	(32, 0, '成功', '1', 'admin_login_status', '', 'default', 0, 1, 31, 31, '', NULL, '2022-09-16 15:26:01'),
	(33, 0, '失败', '0', 'admin_login_status', '', 'default', 0, 1, 31, 0, '', NULL, '2022-09-16 15:26:01'),
	(34, 0, '成功', '1', 'sys_oper_log_status', '', 'default', 0, 1, 31, 0, '', NULL, NULL),
	(35, 0, '失败', '0', 'sys_oper_log_status', '', 'default', 0, 1, 31, 0, '', NULL, NULL),
	(36, 0, '重复执行', '1', 'sys_job_policy', '', 'default', 1, 1, 31, 0, '', NULL, NULL),
	(37, 0, '执行一次', '2', 'sys_job_policy', '', 'default', 1, 1, 31, 0, '', NULL, NULL),
	(38, 0, '显示', '0', 'sys_show_hide', NULL, 'default', 1, 1, 31, 0, NULL, NULL, NULL),
	(39, 0, '隐藏', '1', 'sys_show_hide', NULL, 'default', 0, 1, 31, 0, NULL, NULL, NULL),
	(40, 0, '正常', '1', 'sys_normal_disable', '', 'default', 1, 1, 31, 0, '', NULL, NULL),
	(41, 0, '停用', '0', 'sys_normal_disable', '', 'default', 0, 1, 31, 0, '', NULL, NULL),
	(49, 0, '是', '1', 'sys_yes_no', '', '', 1, 1, 31, 0, '', NULL, NULL),
	(50, 0, '否', '0', 'sys_yes_no', '', '', 0, 1, 31, 0, '', NULL, NULL),
	(51, 0, '已发布', '1', 'cms_article_pub_type', '', '', 1, 1, 31, 31, '', NULL, NULL),
	(54, 0, '未发布', '0', 'cms_article_pub_type', '', '', 0, 1, 31, 0, '', NULL, NULL),
	(55, 0, '置顶', '1', 'cms_article_attr', '', '', 0, 1, 31, 0, '', NULL, NULL),
	(56, 0, '推荐', '2', 'cms_article_attr', '', '', 0, 1, 31, 0, '', NULL, NULL),
	(57, 0, '普通文章', '0', 'cms_article_type', '', '', 0, 1, 31, 31, '', NULL, NULL),
	(58, 0, '跳转链接', '1', 'cms_article_type', '', '', 0, 1, 31, 31, '', NULL, NULL),
	(59, 0, 'cms模型', '6', 'cms_cate_models', '', '', 0, 1, 1, 1, '', NULL, NULL),
	(61, 0, '政府工作目标', '1', 'gov_cate_models', '', '', 0, 1, 2, 0, '', NULL, NULL),
	(62, 0, '系统后台', 'sys_admin', 'menu_module_type', '', '', 1, 1, 2, 0, '', NULL, NULL),
	(63, 0, '政务工作', 'gov_work', 'menu_module_type', '', '', 0, 1, 2, 0, '', NULL, NULL),
	(64, 0, '幻灯', '3', 'cms_article_attr', '', '', 0, 1, 31, 0, '', NULL, NULL),
	(65, 0, '[work]测试业务表', 'wf_news', 'flow_type', '', '', 0, 1, 2, 2, '', NULL, NULL),
	(66, 0, '回退修改', '-1', 'flow_status', '', '', 0, 1, 31, 0, '', NULL, NULL),
	(67, 0, '保存中', '0', 'flow_status', '', '', 0, 1, 31, 0, '', NULL, NULL),
	(68, 0, '流程中', '1', 'flow_status', '', '', 0, 1, 31, 0, '', NULL, NULL),
	(69, 0, '审批通过', '2', 'flow_status', '', '', 0, 1, 31, 2, '', NULL, NULL),
	(70, 2, '发布栏目', '2', 'sys_blog_sign', '', '', 0, 1, 31, 31, '', NULL, NULL),
	(71, 3, '跳转栏目', '3', 'sys_blog_sign', '', '', 0, 1, 31, 31, '', NULL, NULL),
	(72, 4, '单页栏目', '4', 'sys_blog_sign', '', '', 0, 1, 31, 31, '', NULL, NULL),
	(73, 2, '置顶', '1', 'sys_log_sign', '', '', 0, 1, 31, 31, '', NULL, NULL),
	(74, 3, '幻灯', '2', 'sys_log_sign', '', '', 0, 1, 31, 31, '', NULL, NULL),
	(75, 4, '推荐', '3', 'sys_log_sign', '', '', 0, 1, 31, 31, '', NULL, NULL),
	(76, 1, '一般', '0', 'sys_log_sign', '', '', 0, 1, 31, 31, '', NULL, NULL),
	(77, 1, '频道页', '1', 'sys_blog_sign', '', '', 0, 1, 31, 31, '', NULL, NULL),
	(78, 0, '普通', '0', 'flow_level', '', '', 0, 1, 31, 0, '', NULL, '2021-07-20 08:55:20'),
	(79, 0, '加急', '1', 'flow_level', '', '', 0, 1, 31, 0, '', NULL, '2021-07-20 08:55:20'),
	(80, 0, '紧急', '2', 'flow_level', '', '', 0, 1, 31, 0, '', NULL, '2021-07-20 08:55:20'),
	(81, 0, '特急', '3', 'flow_level', '', '', 0, 1, 31, 31, '', NULL, '2021-07-20 08:55:25'),
	(82, 0, '频道页', '1', 'sys_blog_type', '', '', 0, 1, 31, 0, '', NULL, NULL),
	(83, 0, '发布栏目', '2', 'sys_blog_type', '', '', 0, 1, 31, 0, '', NULL, NULL),
	(84, 0, '跳转栏目', '3', 'sys_blog_type', '', '', 0, 1, 31, 31, '', NULL, NULL),
	(85, 0, '单页栏目', '4', 'sys_blog_type', '', '', 0, 1, 31, 0, '', NULL, NULL),
	(87, 0, '[cms]文章表', 'cms_news', 'flow_type', '', '', 0, 1, 31, 0, '', NULL, NULL),
	(91, 0, '测试一下', '666', 'cms_article_type', '', '', 0, 1, 31, 0, '', '2021-08-03 17:04:12', '2021-08-03 17:04:12'),
	(92, 0, '缓存测试222', '33333', 'cms_article_type', '', '', 0, 1, 31, 31, '', '2021-08-03 17:16:45', '2021-08-03 17:19:41'),
	(93, 0, '缓存测试222', '11111', 'cms_article_type', '', '', 0, 1, 31, 31, '', '2021-08-03 17:26:14', '2021-08-03 17:26:26'),
	(94, 0, '1折', '10', 'plugin_store_discount', '', '', 0, 1, 31, 0, '', '2021-08-14 11:59:38', '2021-08-14 11:59:38'),
	(95, 0, '5折', '50', 'plugin_store_discount', '', '', 0, 1, 31, 0, '', '2021-08-14 11:59:49', '2021-08-14 11:59:49'),
	(96, 0, '8折', '80', 'plugin_store_discount', '', '', 0, 1, 31, 0, '', '2021-08-14 12:00:00', '2021-08-14 12:00:00'),
	(97, 0, '9折', '90', 'plugin_store_discount', '', '', 0, 1, 31, 0, '', '2021-08-14 12:00:07', '2021-08-14 12:00:07'),
	(98, 0, '无折扣', '100', 'plugin_store_discount', '', '', 0, 1, 31, 0, '', '2021-08-14 12:00:16', '2021-08-14 12:00:16'),
	(99, 0, '不显示', 'none', 'cms_nav_position', '', '', 1, 1, 22, 0, '', '2021-08-31 15:37:35', '2021-08-31 15:37:35'),
	(100, 0, '顶部导航', 'top', 'cms_nav_position', '', '', 0, 1, 22, 0, '', '2021-08-31 15:37:57', '2021-08-31 15:37:57'),
	(101, 0, '底部导航', 'bottom', 'cms_nav_position', '', '', 0, 1, 22, 0, '', '2021-08-31 15:38:08', '2021-08-31 15:38:08'),
	(102, 0, '读取', 'GET', 'sys_oper_log_type', '', '', 0, 1, 31, 31, '', '2022-12-21 11:59:10', '2022-12-23 19:03:02'),
	(103, 0, '新增', 'POST', 'sys_oper_log_type', '', '', 0, 1, 31, 31, '', '2022-12-21 11:59:22', '2022-12-23 19:03:10'),
	(104, 0, '修改', 'PUT', 'sys_oper_log_type', '', '', 0, 1, 31, 31, '', '2022-12-21 11:59:32', '2022-12-23 19:03:19'),
	(105, 0, '删除', 'DELETE', 'sys_oper_log_type', '', '', 0, 1, 31, 31, '', '2022-12-21 11:59:44', '2022-12-23 19:03:27');

-- 导出  表 fastcc.sys_dict_type 结构
CREATE TABLE IF NOT EXISTS `sys_dict_type` (
  `dict_id` bigint unsigned NOT NULL AUTO_INCREMENT COMMENT '字典主键',
  `dict_name` varchar(100) CHARACTER SET utf8mb4 COLLATE utf8mb4_general_ci DEFAULT '' COMMENT '字典名称',
  `dict_type` varchar(100) CHARACTER SET utf8mb4 COLLATE utf8mb4_general_ci DEFAULT '' COMMENT '字典类型',
  `status` tinyint unsigned DEFAULT '0' COMMENT '状态（0正常 1停用）',
  `create_by` int unsigned DEFAULT '0' COMMENT '创建者',
  `update_by` int unsigned DEFAULT '0' COMMENT '更新者',
  `remark` varchar(500) CHARACTER SET utf8mb4 COLLATE utf8mb4_general_ci DEFAULT NULL COMMENT '备注',
  `created_at` datetime DEFAULT NULL COMMENT '创建日期',
  `updated_at` datetime DEFAULT NULL COMMENT '修改日期',
  PRIMARY KEY (`dict_id`) USING BTREE,
  UNIQUE KEY `dict_type` (`dict_type`) USING BTREE
) ENGINE=InnoDB AUTO_INCREMENT=51 DEFAULT CHARSET=utf8mb4 COLLATE=utf8mb4_general_ci ROW_FORMAT=COMPACT COMMENT='字典类型表';

-- 正在导出表  fastcc.sys_dict_type 的数据：~24 rows (大约)
INSERT INTO `sys_dict_type` (`dict_id`, `dict_name`, `dict_type`, `status`, `create_by`, `update_by`, `remark`, `created_at`, `updated_at`) VALUES
	(1, '用户性别', 'sys_user_sex', 1, 31, 1, '用于选择用户性别', NULL, NULL),
	(2, '分类类型', 'cms_category_type', 1, 31, 3, '文章分类类型', NULL, '2021-07-21 10:54:22'),
	(3, '任务状态', 'sys_job_status', 1, 31, 31, '任务状态列表', NULL, NULL),
	(13, '任务分组', 'sys_job_group', 1, 31, 0, '', NULL, NULL),
	(14, '管理员登录状态', 'admin_login_status', 1, 31, 31, '', NULL, '2022-09-16 15:26:01'),
	(15, '操作日志状态', 'sys_oper_log_status', 1, 31, 0, '', NULL, NULL),
	(16, '任务策略', 'sys_job_policy', 1, 31, 0, '', NULL, NULL),
	(17, '菜单状态', 'sys_show_hide', 1, 31, 0, '菜单状态', NULL, NULL),
	(18, '系统开关', 'sys_normal_disable', 1, 31, 31, '系统开关', NULL, NULL),
	(24, '系统内置', 'sys_yes_no', 1, 31, 0, '', NULL, NULL),
	(25, '文章发布状态', 'cms_article_pub_type', 1, 31, 0, '', NULL, NULL),
	(26, '文章附加状态', 'cms_article_attr', 1, 31, 0, '', NULL, NULL),
	(27, '文章类型', 'cms_article_type', 1, 31, 0, '', NULL, NULL),
	(28, '文章栏目模型分类', 'cms_cate_models', 1, 1, 0, '', NULL, NULL),
	(29, '政务工作模型分类', 'gov_cate_models', 1, 2, 0, '', NULL, NULL),
	(30, '菜单模块类型', 'menu_module_type', 1, 2, 0, '', NULL, NULL),
	(31, '工作流程类型', 'flow_type', 1, 2, 0, '', NULL, NULL),
	(32, '工作流程审批状态', 'flow_status', 1, 31, 0, '工作流程审批状态', NULL, NULL),
	(33, '博客分类类型', 'sys_blog_type', 1, 31, 31, '博客分类中的标志', NULL, NULL),
	(34, '博客日志标志', 'sys_log_sign', 1, 31, 0, '博客日志管理中的标志数据字典', NULL, NULL),
	(35, '工作流紧急状态', 'flow_level', 1, 31, 31, '', NULL, '2021-07-20 08:55:20'),
	(48, '插件商城折扣', 'plugin_store_discount', 1, 31, 0, '', '2021-08-14 11:59:26', '2021-08-14 11:59:26'),
	(49, 'CMS栏目导航位置', 'cms_nav_position', 1, 22, 0, '', '2021-08-31 15:37:04', '2021-08-31 15:37:04'),
	(50, '操作日志类型', 'sys_oper_log_type', 1, 31, 0, '', '2022-12-21 11:55:02', '2022-12-21 11:55:02');

-- 导出  表 fastcc.sys_jiangcheng 结构
CREATE TABLE IF NOT EXISTS `sys_jiangcheng` (
  `id` int NOT NULL,
  `user_id` int DEFAULT NULL COMMENT '这个ID和个人相关联',
  `switch` int NOT NULL COMMENT '0为惩罚，1为奖励',
  `title` varchar(255) NOT NULL COMMENT '奖惩标题名',
  `neirong` varchar(255) DEFAULT NULL COMMENT '详细内容',
  `createat` datetime DEFAULT NULL,
  `deleteat` datetime DEFAULT NULL,
  `createby` int DEFAULT NULL,
  `deleteby` int DEFAULT NULL,
  PRIMARY KEY (`id`)
) ENGINE=InnoDB DEFAULT CHARSET=utf8mb4 COLLATE=utf8mb4_0900_ai_ci;

-- 正在导出表  fastcc.sys_jiangcheng 的数据：~0 rows (大约)

-- 导出  表 fastcc.sys_login_log 结构
CREATE TABLE IF NOT EXISTS `sys_login_log` (
  `info_id` bigint NOT NULL AUTO_INCREMENT COMMENT '访问ID',
  `login_name` varchar(50) CHARACTER SET utf8mb4 COLLATE utf8mb4_general_ci DEFAULT '' COMMENT '登录账号',
  `ipaddr` varchar(50) CHARACTER SET utf8mb4 COLLATE utf8mb4_general_ci DEFAULT '' COMMENT '登录IP地址',
  `login_location` varchar(255) CHARACTER SET utf8mb4 COLLATE utf8mb4_general_ci DEFAULT '' COMMENT '登录地点',
  `browser` varchar(50) CHARACTER SET utf8mb4 COLLATE utf8mb4_general_ci DEFAULT '' COMMENT '浏览器类型',
  `os` varchar(50) CHARACTER SET utf8mb4 COLLATE utf8mb4_general_ci DEFAULT '' COMMENT '操作系统',
  `status` tinyint DEFAULT '0' COMMENT '登录状态（0成功 1失败）',
  `msg` varchar(255) CHARACTER SET utf8mb4 COLLATE utf8mb4_general_ci DEFAULT '' COMMENT '提示消息',
  `login_time` datetime DEFAULT NULL COMMENT '登录时间',
  `module` varchar(30) CHARACTER SET utf8mb4 COLLATE utf8mb4_general_ci DEFAULT '' COMMENT '登录模块',
  PRIMARY KEY (`info_id`) USING BTREE
) ENGINE=InnoDB AUTO_INCREMENT=15 DEFAULT CHARSET=utf8mb4 COLLATE=utf8mb4_general_ci ROW_FORMAT=COMPACT COMMENT='系统访问记录';

-- 正在导出表  fastcc.sys_login_log 的数据：~14 rows (大约)
INSERT INTO `sys_login_log` (`info_id`, `login_name`, `ipaddr`, `login_location`, `browser`, `os`, `status`, `msg`, `login_time`, `module`) VALUES
	(1, 'demo', '::1', '内网IP', 'Chrome', 'Windows 10', 1, '登录成功', '2023-01-19 10:17:18', '系统后台'),
	(2, 'demo', '::1', '内网IP', 'Chrome', 'Windows 10', 1, '登录成功', '2024-03-06 01:28:50', '系统后台'),
	(3, 'admin', '::1', '内网IP', 'Chrome', 'Windows 10', 1, '登录成功', '2024-03-06 01:48:00', '系统后台'),
	(4, 'admin', '::1', '内网IP', 'Chrome', 'Windows 10', 1, '登录成功', '2024-03-06 03:09:12', '系统后台'),
	(5, 'admin', '::1', '内网IP', 'Edge', 'Windows 10', 1, '登录成功', '2024-03-06 07:14:54', '系统后台'),
	(6, 'admin', '::1', '内网IP', 'Edge', 'Windows 10', 1, '登录成功', '2024-03-06 07:37:18', '系统后台'),
	(7, 'demo', '::1', '内网IP', 'Chrome', 'Windows 10', 1, '登录成功', '2024-03-07 08:31:39', '系统后台'),
	(8, 'ADMIN', '::1', '内网IP', 'Chrome', 'Windows 10', 1, '登录成功', '2024-03-08 01:36:16', '系统后台'),
	(9, 'ADMIN', '::1', '内网IP', 'Chrome', 'Windows 10', 1, '登录成功', '2024-03-08 06:05:35', '系统后台'),
	(10, 'ADMIN', '::1', '内网IP', 'Chrome', 'Windows 10', 1, '登录成功', '2024-03-10 07:09:38', '系统后台'),
	(11, 'ADMIN', '::1', '内网IP', 'Chrome', 'Windows 10', 1, '登录成功', '2024-03-10 08:20:58', '系统后台'),
	(12, 'ADMIN', '::1', '内网IP', 'Chrome', 'Windows 10', 1, '登录成功', '2024-03-10 11:36:22', '系统后台'),
	(13, 'ADMIN', '::1', '内网IP', 'Chrome', 'Windows 10', 1, '登录成功', '2024-03-10 22:56:44', '系统后台'),
	(14, 'ADMIN', '::1', '内网IP', 'Chrome', 'Windows 10', 1, '登录成功', '2024-03-11 12:35:51', '系统后台');

-- 导出  表 fastcc.sys_mission 结构
CREATE TABLE IF NOT EXISTS `sys_mission` (
  `id` bigint NOT NULL COMMENT '工作目标发布ID，自增序',
  `id_user` int DEFAULT NULL COMMENT '和个人关联ID',
  `id_bumen` int DEFAULT NULL COMMENT '和部门关联ID',
  `mission` varchar(255) NOT NULL COMMENT '目标内容',
  `create_at` datetime NOT NULL COMMENT '创建时间',
  `delete_at` datetime NOT NULL COMMENT '删除时间',
  `delete` int NOT NULL COMMENT '是否删除，只识别1为删除，其它无效',
  `state` int NOT NULL COMMENT '目前状态',
  `publisher` int DEFAULT NULL COMMENT '发布人的ID',
  `deleteby` int DEFAULT NULL COMMENT '删除人的ID',
  PRIMARY KEY (`id`)
) ENGINE=InnoDB DEFAULT CHARSET=utf8mb4 COLLATE=utf8mb4_0900_ai_ci;

-- 正在导出表  fastcc.sys_mission 的数据：~0 rows (大约)

-- 导出  表 fastcc.sys_oper_log 结构
CREATE TABLE IF NOT EXISTS `sys_oper_log` (
  `oper_id` bigint unsigned NOT NULL AUTO_INCREMENT COMMENT '日志主键',
  `title` varchar(50) CHARACTER SET utf8mb4 COLLATE utf8mb4_general_ci DEFAULT '' COMMENT '模块标题',
  `business_type` int DEFAULT '0' COMMENT '业务类型（0其它 1新增 2修改 3删除）',
  `method` varchar(100) CHARACTER SET utf8mb4 COLLATE utf8mb4_general_ci DEFAULT '' COMMENT '方法名称',
  `request_method` varchar(10) CHARACTER SET utf8mb4 COLLATE utf8mb4_general_ci DEFAULT '' COMMENT '请求方式',
  `operator_type` int DEFAULT '0' COMMENT '操作类别（0其它 1后台用户 2手机端用户）',
  `oper_name` varchar(50) CHARACTER SET utf8mb4 COLLATE utf8mb4_general_ci DEFAULT '' COMMENT '操作人员',
  `dept_name` varchar(50) CHARACTER SET utf8mb4 COLLATE utf8mb4_general_ci DEFAULT '' COMMENT '部门名称',
  `oper_url` varchar(500) CHARACTER SET utf8mb4 COLLATE utf8mb4_general_ci DEFAULT '' COMMENT '请求URL',
  `oper_ip` varchar(50) CHARACTER SET utf8mb4 COLLATE utf8mb4_general_ci DEFAULT '' COMMENT '主机地址',
  `oper_location` varchar(255) CHARACTER SET utf8mb4 COLLATE utf8mb4_general_ci DEFAULT '' COMMENT '操作地点',
  `oper_param` text CHARACTER SET utf8mb4 COLLATE utf8mb4_general_ci COMMENT '请求参数',
  `error_msg` varchar(2000) CHARACTER SET utf8mb4 COLLATE utf8mb4_general_ci DEFAULT '' COMMENT '错误消息',
  `oper_time` datetime DEFAULT NULL COMMENT '操作时间',
  PRIMARY KEY (`oper_id`) USING BTREE
) ENGINE=InnoDB AUTO_INCREMENT=650 DEFAULT CHARSET=utf8mb4 COLLATE=utf8mb4_general_ci ROW_FORMAT=COMPACT COMMENT='操作日志记录';

-- 正在导出表  fastcc.sys_oper_log 的数据：~649 rows (大约)
INSERT INTO `sys_oper_log` (`oper_id`, `title`, `business_type`, `method`, `request_method`, `operator_type`, `oper_name`, `dept_name`, `oper_url`, `oper_ip`, `oper_location`, `oper_param`, `error_msg`, `oper_time`) VALUES
	(1, '', 0, '/api/v1/system/dict/data/getDictData', 'GET', 1, 'demo', '财务部门', '/api/v1/system/dict/data/getDictData?dictType=sys_oper_log_type&defaultValue=', '::1', '内网IP', '{"defaultValue":"","dictType":"sys_oper_log_type"}', '', '2023-01-19 10:10:49'),
	(2, '操作日志', 0, '/api/v1/system/operLog/list', 'GET', 1, 'demo', '财务部门', '/api/v1/system/operLog/list?pageNum=1&pageSize=10', '::1', '内网IP', '{"pageNum":"1","pageSize":"10"}', '', '2023-01-19 10:10:49'),
	(3, '操作日志', 0, '/api/v1/system/operLog/list', 'GET', 1, 'demo', '财务部门', '/api/v1/system/operLog/list?pageNum=1&pageSize=10', '::1', '内网IP', '{"pageNum":"1","pageSize":"10"}', '', '2023-01-19 10:11:04'),
	(4, '在线用户', 0, '/api/v1/system/online/list', 'GET', 1, 'demo', '财务部门', '/api/v1/system/online/list?ipaddr=&userName=&pageNum=1&pageSize=10', '::1', '内网IP', '{"ipaddr":"","pageNum":"1","pageSize":"10","userName":""}', '', '2023-01-19 10:16:55'),
	(5, '', 0, '/api/v1/system/dict/data/getDictData', 'GET', 1, 'demo', '财务部门', '/api/v1/system/dict/data/getDictData?dictType=sys_oper_log_type&defaultValue=', '::1', '内网IP', '{"defaultValue":"","dictType":"sys_oper_log_type"}', '', '2023-01-19 10:16:57'),
	(6, '操作日志', 0, '/api/v1/system/operLog/list', 'GET', 1, 'demo', '财务部门', '/api/v1/system/operLog/list?pageNum=1&pageSize=10', '::1', '内网IP', '{"pageNum":"1","pageSize":"10"}', '', '2023-01-19 10:16:57'),
	(7, '', 0, '/api/v1/system/dict/data/getDictData', 'GET', 1, 'demo', '财务部门', '/api/v1/system/dict/data/getDictData?dictType=admin_login_status&defaultValue=', '::1', '内网IP', '{"defaultValue":"","dictType":"admin_login_status"}', '', '2023-01-19 10:16:59'),
	(8, '登录日志', 0, '/api/v1/system/loginLog/list', 'GET', 1, 'demo', '财务部门', '/api/v1/system/loginLog/list?pageNum=1&pageSize=10&status=&ipaddr=&loginLocation=&userName=', '::1', '内网IP', '{"ipaddr":"","loginLocation":"","pageNum":"1","pageSize":"10","status":"","userName":""}', '', '2023-01-19 10:16:59'),
	(9, '服务监控', 0, '/api/v1/system/monitor/server', 'GET', 1, 'demo', '财务部门', '/api/v1/system/monitor/server', '::1', '内网IP', '{}', '', '2023-01-19 10:17:01'),
	(10, '登录日志', 0, '/api/v1/system/loginLog/list', 'GET', 1, 'demo', '财务部门', '/api/v1/system/loginLog/list?pageNum=1&pageSize=10&status=&ipaddr=&loginLocation=&userName=', '::1', '内网IP', '{"ipaddr":"","loginLocation":"","pageNum":"1","pageSize":"10","status":"","userName":""}', '', '2023-01-19 10:17:05'),
	(11, '登录日志', 0, '/api/v1/system/loginLog/list', 'GET', 1, 'demo', '财务部门', '/api/v1/system/loginLog/list?pageNum=1&pageSize=10&status=&ipaddr=&loginLocation=&userName=', '::1', '内网IP', '{"ipaddr":"","loginLocation":"","pageNum":"1","pageSize":"10","status":"","userName":""}', '', '2023-01-19 10:17:07'),
	(12, '', 0, '/api/v1/system/dict/data/getDictData', 'GET', 1, 'demo', '财务部门', '/api/v1/system/dict/data/getDictData?dictType=admin_login_status&defaultValue=', '::1', '内网IP', '{"defaultValue":"","dictType":"admin_login_status"}', '', '2023-01-19 10:17:20'),
	(13, '登录日志', 0, '/api/v1/system/loginLog/list', 'GET', 1, 'demo', '财务部门', '/api/v1/system/loginLog/list?pageNum=1&pageSize=10&status=&ipaddr=&loginLocation=&userName=', '::1', '内网IP', '{"ipaddr":"","loginLocation":"","pageNum":"1","pageSize":"10","status":"","userName":""}', '', '2023-01-19 10:17:20'),
	(14, '登录日志', 0, '/api/v1/system/loginLog/list', 'GET', 1, 'demo', '财务部门', '/api/v1/system/loginLog/list?pageNum=1&pageSize=10&status=&ipaddr=&loginLocation=&userName=', '::1', '内网IP', '{"ipaddr":"","loginLocation":"","pageNum":"1","pageSize":"10","status":"","userName":""}', '', '2023-01-19 10:17:22'),
	(15, '服务监控', 0, '/api/v1/system/monitor/server', 'GET', 1, 'demo', '财务部门', '/api/v1/system/monitor/server', '::1', '内网IP', '{}', '', '2023-01-19 10:17:25'),
	(16, '字典管理', 0, '/api/v1/system/dict/type/list', 'GET', 1, 'demo', '财务部门', '/api/v1/system/dict/type/list?pageNum=1&pageSize=10&dictName=&dictType=&status=', '::1', '内网IP', '{"dictName":"","dictType":"","pageNum":"1","pageSize":"10","status":""}', '', '2023-01-19 10:17:29'),
	(17, '', 0, '/api/v1/system/dict/data/getDictData', 'GET', 1, 'demo', '财务部门', '/api/v1/system/dict/data/getDictData?dictType=sys_yes_no&defaultValue=', '::1', '内网IP', '{"defaultValue":"","dictType":"sys_yes_no"}', '', '2023-01-19 10:17:31'),
	(18, '参数管理', 0, '/api/v1/system/config/list', 'GET', 1, 'demo', '财务部门', '/api/v1/system/config/list?pageNum=1&pageSize=10&configName=&configKey=&configType=', '::1', '内网IP', '{"configKey":"","configName":"","configType":"","pageNum":"1","pageSize":"10"}', '', '2023-01-19 10:17:31'),
	(19, '', 0, '/api/v1/system/dict/data/getDictData', 'GET', 1, 'demo', '财务部门', '/api/v1/system/dict/data/getDictData?dictType=sys_job_status&defaultValue=', '::1', '内网IP', '{"defaultValue":"","dictType":"sys_job_status"}', '', '2023-01-19 10:18:32'),
	(20, '', 0, '/api/v1/system/dict/data/getDictData', 'GET', 1, 'demo', '财务部门', '/api/v1/system/dict/data/getDictData?dictType=sys_job_policy&defaultValue=', '::1', '内网IP', '{"defaultValue":"","dictType":"sys_job_policy"}', '', '2023-01-19 10:18:32'),
	(21, '', 0, '/api/v1/system/dict/data/getDictData', 'GET', 1, 'demo', '财务部门', '/api/v1/system/dict/data/getDictData?dictType=sys_job_group&defaultValue=', '::1', '内网IP', '{"defaultValue":"","dictType":"sys_job_group"}', '', '2023-01-19 10:18:32'),
	(22, '', 0, '/api/v1/system/dict/data/getDictData', 'GET', 1, 'demo', '财务部门', '/api/v1/system/dict/data/getDictData?dictType=sys_show_hide&defaultValue=', '::1', '内网IP', '{"defaultValue":"","dictType":"sys_show_hide"}', '', '2023-01-19 10:19:34'),
	(23, '', 0, '/api/v1/system/menu/list', 'GET', 1, 'demo', '财务部门', '/api/v1/system/menu/list?title=&component=', '::1', '内网IP', '{"component":"","title":""}', '', '2023-01-19 10:19:34'),
	(24, '删除菜单', 0, '/api/v1/system/menu/delete', 'DELETE', 1, 'demo', '财务部门', '/api/v1/system/menu/delete', '::1', '内网IP', '{"ids":[36]}', '', '2023-01-19 10:19:43'),
	(25, '', 0, '/api/v1/system/user/getUserMenus', 'GET', 1, 'demo', '财务部门', '/api/v1/system/user/getUserMenus', '::1', '内网IP', '{}', '', '2023-01-19 10:19:44'),
	(26, '', 0, '/api/v1/system/menu/list', 'GET', 1, 'demo', '财务部门', '/api/v1/system/menu/list?title=&component=', '::1', '内网IP', '{"component":"","title":""}', '', '2023-01-19 10:19:44'),
	(27, '删除菜单', 0, '/api/v1/system/menu/delete', 'DELETE', 1, 'demo', '财务部门', '/api/v1/system/menu/delete', '::1', '内网IP', '{"ids":[53]}', '', '2023-01-19 10:19:48'),
	(28, '', 0, '/api/v1/system/user/getUserMenus', 'GET', 1, 'demo', '财务部门', '/api/v1/system/user/getUserMenus', '::1', '内网IP', '{}', '', '2023-01-19 10:19:49'),
	(29, '', 0, '/api/v1/system/menu/list', 'GET', 1, 'demo', '财务部门', '/api/v1/system/menu/list?title=&component=', '::1', '内网IP', '{"component":"","title":""}', '', '2023-01-19 10:19:49'),
	(30, '', 0, '/api/v1/system/dict/data/getDictData', 'GET', 1, 'demo', '财务部门', '/api/v1/system/dict/data/getDictData?dictType=sys_show_hide&defaultValue=', '::1', '内网IP', '{"defaultValue":"","dictType":"sys_show_hide"}', '', '2023-01-19 10:19:56'),
	(31, '', 0, '/api/v1/system/menu/list', 'GET', 1, 'demo', '财务部门', '/api/v1/system/menu/list?title=&component=', '::1', '内网IP', '{"component":"","title":""}', '', '2023-01-19 10:19:56'),
	(32, '服务监控', 0, '/api/v1/system/monitor/server', 'GET', 1, 'demo', '财务部门', '/api/v1/system/monitor/server', '::1', '内网IP', '{}', '', '2023-01-19 10:35:29'),
	(33, '', 0, '/api/v1/system/dict/data/getDictData', 'GET', 1, 'demo', '财务部门', '/api/v1/system/dict/data/getDictData?dictType=admin_login_status&defaultValue=', '::1', '内网IP', '{"defaultValue":"","dictType":"admin_login_status"}', '', '2023-01-19 10:35:31'),
	(34, '登录日志', 0, '/api/v1/system/loginLog/list', 'GET', 1, 'demo', '财务部门', '/api/v1/system/loginLog/list?pageNum=1&pageSize=10&status=&ipaddr=&loginLocation=&userName=', '::1', '内网IP', '{"ipaddr":"","loginLocation":"","pageNum":"1","pageSize":"10","status":"","userName":""}', '', '2023-01-19 10:35:31'),
	(35, '', 0, '/api/v1/system/dict/data/getDictData', 'GET', 1, 'demo', '财务部门', '/api/v1/system/dict/data/getDictData?dictType=sys_oper_log_type&defaultValue=', '::1', '内网IP', '{"defaultValue":"","dictType":"sys_oper_log_type"}', '', '2023-01-19 10:35:33'),
	(36, '操作日志', 0, '/api/v1/system/operLog/list', 'GET', 1, 'demo', '财务部门', '/api/v1/system/operLog/list?pageNum=1&pageSize=10', '::1', '内网IP', '{"pageNum":"1","pageSize":"10"}', '', '2023-01-19 10:35:33'),
	(37, '在线用户', 0, '/api/v1/system/online/list', 'GET', 1, 'demo', '财务部门', '/api/v1/system/online/list?ipaddr=&userName=&pageNum=1&pageSize=10', '::1', '内网IP', '{"ipaddr":"","pageNum":"1","pageSize":"10","userName":""}', '', '2023-01-19 10:35:35'),
	(38, '', 0, '/api/v1/system/personal/getPersonalInfo', 'GET', 1, 'demo', '财务部门', '/api/v1/system/personal/getPersonalInfo', '::1', '内网IP', '{}', '', '2023-01-19 10:49:47'),
	(39, '字典管理', 0, '/api/v1/system/dict/type/list', 'GET', 1, 'demo', '财务部门', '/api/v1/system/dict/type/list?pageNum=1&pageSize=10&dictName=&dictType=&status=', '::1', '内网IP', '{"dictName":"","dictType":"","pageNum":"1","pageSize":"10","status":""}', '', '2023-01-19 11:01:02'),
	(40, '', 0, '/api/v1/system/dict/data/getDictData', 'GET', 1, 'demo', '财务部门', '/api/v1/system/dict/data/getDictData?dictType=sys_yes_no&defaultValue=', '::1', '内网IP', '{"defaultValue":"","dictType":"sys_yes_no"}', '', '2023-01-19 11:01:05'),
	(41, '参数管理', 0, '/api/v1/system/config/list', 'GET', 1, 'demo', '财务部门', '/api/v1/system/config/list?pageNum=1&pageSize=10&configName=&configKey=&configType=', '::1', '内网IP', '{"configKey":"","configName":"","configType":"","pageNum":"1","pageSize":"10"}', '', '2023-01-19 11:01:05'),
	(42, '', 0, '/api/v1/system/dict/data/getDictData', 'GET', 1, 'demo', '财务部门', '/api/v1/system/dict/data/getDictData?dictType=sys_show_hide&defaultValue=', '::1', '内网IP', '{"defaultValue":"","dictType":"sys_show_hide"}', '', '2023-01-19 11:01:07'),
	(43, '', 0, '/api/v1/system/menu/list', 'GET', 1, 'demo', '财务部门', '/api/v1/system/menu/list?title=&component=', '::1', '内网IP', '{"component":"","title":""}', '', '2023-01-19 11:01:08'),
	(44, '角色管理', 0, '/api/v1/system/role/list', 'GET', 1, 'demo', '财务部门', '/api/v1/system/role/list?roleName=&roleStatus=&pageNum=1&pageSize=10', '::1', '内网IP', '{"pageNum":"1","pageSize":"10","roleName":"","roleStatus":""}', '', '2023-01-19 11:01:11'),
	(45, '部门管理', 0, '/api/v1/system/dept/list', 'GET', 1, 'demo', '财务部门', '/api/v1/system/dept/list?pageNum=1&pageSize=10&deptName=&status=', '::1', '内网IP', '{"deptName":"","pageNum":"1","pageSize":"10","status":""}', '', '2023-01-19 11:01:14'),
	(46, '岗位管理', 0, '/api/v1/system/post/list', 'GET', 1, 'demo', '财务部门', '/api/v1/system/post/list?postName=&status=&postCode=&pageNum=1&pageSize=10', '::1', '内网IP', '{"pageNum":"1","pageSize":"10","postCode":"","postName":"","status":""}', '', '2023-01-19 11:01:19'),
	(47, '', 0, '/api/v1/system/dict/data/getDictData', 'GET', 1, 'demo', '财务部门', '/api/v1/system/dict/data/getDictData?dictType=sys_user_sex&defaultValue=', '::1', '内网IP', '{"defaultValue":"","dictType":"sys_user_sex"}', '', '2023-01-19 11:01:23'),
	(48, '', 0, '/api/v1/system/dept/treeSelect', 'GET', 1, 'demo', '财务部门', '/api/v1/system/dept/treeSelect', '::1', '内网IP', '{}', '', '2023-01-19 11:01:23'),
	(49, '', 0, '/api/v1/system/user/params', 'GET', 1, 'demo', '财务部门', '/api/v1/system/user/params', '::1', '内网IP', '{}', '', '2023-01-19 11:01:23'),
	(50, '用户管理', 0, '/api/v1/system/user/list', 'GET', 1, 'demo', '财务部门', '/api/v1/system/user/list?pageNum=1&pageSize=10&deptId=&mobile=&status=&keyWords=', '::1', '内网IP', '{"deptId":"","keyWords":"","mobile":"","pageNum":"1","pageSize":"10","status":""}', '', '2023-01-19 11:01:23'),
	(51, '服务监控', 0, '/api/v1/system/monitor/server', 'GET', 1, 'demo', '财务部门', '/api/v1/system/monitor/server', '::1', '内网IP', '{}', '', '2023-01-19 11:01:30'),
	(52, '', 0, '/api/v1/system/dict/data/getDictData', 'GET', 1, 'demo', '财务部门', '/api/v1/system/dict/data/getDictData?dictType=admin_login_status&defaultValue=', '::1', '内网IP', '{"defaultValue":"","dictType":"admin_login_status"}', '', '2023-01-19 11:01:32'),
	(53, '登录日志', 0, '/api/v1/system/loginLog/list', 'GET', 1, 'demo', '财务部门', '/api/v1/system/loginLog/list?pageNum=1&pageSize=10&status=&ipaddr=&loginLocation=&userName=', '::1', '内网IP', '{"ipaddr":"","loginLocation":"","pageNum":"1","pageSize":"10","status":"","userName":""}', '', '2023-01-19 11:01:32'),
	(54, '', 0, '/api/v1/system/dict/data/getDictData', 'GET', 1, 'demo', '财务部门', '/api/v1/system/dict/data/getDictData?dictType=sys_oper_log_type&defaultValue=', '::1', '内网IP', '{"defaultValue":"","dictType":"sys_oper_log_type"}', '', '2023-01-19 11:01:34'),
	(55, '操作日志', 0, '/api/v1/system/operLog/list', 'GET', 1, 'demo', '财务部门', '/api/v1/system/operLog/list?pageNum=1&pageSize=10', '::1', '内网IP', '{"pageNum":"1","pageSize":"10"}', '', '2023-01-19 11:01:35'),
	(56, '在线用户', 0, '/api/v1/system/online/list', 'GET', 1, 'demo', '财务部门', '/api/v1/system/online/list?ipaddr=&userName=&pageNum=1&pageSize=10', '::1', '内网IP', '{"ipaddr":"","pageNum":"1","pageSize":"10","userName":""}', '', '2023-01-19 11:01:36'),
	(57, '字典管理', 0, '/api/v1/system/dict/type/list', 'GET', 1, 'admin', '深圳总公司', '/api/v1/system/dict/type/list?pageNum=1&pageSize=10&dictName=&dictType=&status=', '::1', '内网IP', '{"dictName":"","dictType":"","pageNum":"1","pageSize":"10","status":""}', '', '2024-03-06 01:50:19'),
	(58, '', 0, '/api/v1/system/menu/list', 'GET', 1, 'admin', '深圳总公司', '/api/v1/system/menu/list?title=&component=', '::1', '内网IP', '{"component":"","title":""}', '', '2024-03-06 02:17:30'),
	(59, '', 0, '/api/v1/system/dict/data/getDictData', 'GET', 1, 'admin', '深圳总公司', '/api/v1/system/dict/data/getDictData?dictType=sys_show_hide&defaultValue=', '::1', '内网IP', '{"defaultValue":"","dictType":"sys_show_hide"}', '', '2024-03-06 02:17:30'),
	(60, '', 0, '/api/v1/system/menu/get', 'GET', 1, 'admin', '深圳总公司', '/api/v1/system/menu/get?id=29', '::1', '内网IP', '{"id":"29"}', '', '2024-03-06 02:17:34'),
	(61, '', 0, '/api/v1/system/menu/getParams', 'GET', 1, 'admin', '深圳总公司', '/api/v1/system/menu/getParams', '::1', '内网IP', '{}', '', '2024-03-06 02:17:34'),
	(62, '修改菜单', 0, '/api/v1/system/menu/update', 'PUT', 1, 'admin', '深圳总公司', '/api/v1/system/menu/update', '::1', '内网IP', '{"component":"system/dict/dataList","icon":"iconfont icon-putong","id":29,"isAffix":0,"isHide":"0","isIframe":0,"isKeepAlive":1,"isLink":0,"linkUrl":"","menuName":"字典数据管理","menuSort":0,"menuType":"1","name":"api/v1/system/dict/dataList","path":"/system/dict/data/list/:dictType","pid":27,"redirect":"","roles":[1]}', '', '2024-03-06 02:17:37'),
	(63, '', 0, '/api/v1/system/menu/list', 'GET', 1, 'admin', '深圳总公司', '/api/v1/system/menu/list?title=&component=', '::1', '内网IP', '{"component":"","title":""}', '', '2024-03-06 02:17:37'),
	(64, '', 0, '/api/v1/system/user/getUserMenus', 'GET', 1, 'admin', '深圳总公司', '/api/v1/system/user/getUserMenus', '::1', '内网IP', '{}', '', '2024-03-06 02:17:37'),
	(65, '', 0, '/api/v1/system/menu/getParams', 'GET', 1, 'admin', '深圳总公司', '/api/v1/system/menu/getParams', '::1', '内网IP', '{}', '', '2024-03-06 02:17:50'),
	(66, '', 0, '/api/v1/system/menu/get', 'GET', 1, 'admin', '深圳总公司', '/api/v1/system/menu/get?id=17', '::1', '内网IP', '{"id":"17"}', '', '2024-03-06 02:17:50'),
	(67, '修改菜单', 0, '/api/v1/system/menu/update', 'PUT', 1, 'admin', '深圳总公司', '/api/v1/system/menu/update', '::1', '内网IP', '{"component":"layout/routerView/parent","icon":"iconfont icon-zhongduancanshu","id":17,"isAffix":0,"isHide":"1","isIframe":0,"isKeepAlive":1,"isLink":0,"linkUrl":"","menuName":"外链测试","menuSort":20,"menuType":"0","name":"outLink","path":"/demo/outLink","pid":0,"redirect":"","roles":null}', '', '2024-03-06 02:17:52'),
	(68, '', 0, '/api/v1/system/user/getUserMenus', 'GET', 1, 'admin', '深圳总公司', '/api/v1/system/user/getUserMenus', '::1', '内网IP', '{}', '', '2024-03-06 02:17:52'),
	(69, '', 0, '/api/v1/system/menu/list', 'GET', 1, 'admin', '深圳总公司', '/api/v1/system/menu/list?title=&component=', '::1', '内网IP', '{"component":"","title":""}', '', '2024-03-06 02:17:52'),
	(70, '', 0, '/api/v1/system/dict/data/getDictData', 'GET', 1, 'admin', '深圳总公司', '/api/v1/system/dict/data/getDictData?dictType=sys_show_hide&defaultValue=', '::1', '内网IP', '{"defaultValue":"","dictType":"sys_show_hide"}', '', '2024-03-06 02:17:56'),
	(71, '', 0, '/api/v1/system/menu/list', 'GET', 1, 'admin', '深圳总公司', '/api/v1/system/menu/list?title=&component=', '::1', '内网IP', '{"component":"","title":""}', '', '2024-03-06 02:17:56'),
	(72, '', 0, '/api/v1/system/menu/getParams', 'GET', 1, 'admin', '深圳总公司', '/api/v1/system/menu/getParams', '::1', '内网IP', '{}', '', '2024-03-06 02:19:49'),
	(73, '', 0, '/api/v1/system/menu/get', 'GET', 1, 'admin', '深圳总公司', '/api/v1/system/menu/get?id=17', '::1', '内网IP', '{"id":"17"}', '', '2024-03-06 02:19:49'),
	(74, '', 0, '/api/v1/system/dict/data/getDictData', 'GET', 1, 'admin', '深圳总公司', '/api/v1/system/dict/data/getDictData?dictType=sys_show_hide&defaultValue=', '::1', '内网IP', '{"defaultValue":"","dictType":"sys_show_hide"}', '', '2024-03-06 02:21:29'),
	(75, '', 0, '/api/v1/system/menu/list', 'GET', 1, 'admin', '深圳总公司', '/api/v1/system/menu/list?title=&component=', '::1', '内网IP', '{"component":"","title":""}', '', '2024-03-06 02:21:29'),
	(76, '服务监控', 0, '/api/v1/system/monitor/server', 'GET', 1, 'admin', '深圳总公司', '/api/v1/system/monitor/server', '::1', '内网IP', '{}', '', '2024-03-06 02:21:34'),
	(77, '', 0, '/api/v1/system/dict/data/getDictData', 'GET', 1, 'admin', '深圳总公司', '/api/v1/system/dict/data/getDictData?dictType=admin_login_status&defaultValue=', '::1', '内网IP', '{"defaultValue":"","dictType":"admin_login_status"}', '', '2024-03-06 02:21:35'),
	(78, '登录日志', 0, '/api/v1/system/loginLog/list', 'GET', 1, 'admin', '深圳总公司', '/api/v1/system/loginLog/list?pageNum=1&pageSize=10&status=&ipaddr=&loginLocation=&userName=', '::1', '内网IP', '{"ipaddr":"","loginLocation":"","pageNum":"1","pageSize":"10","status":"","userName":""}', '', '2024-03-06 02:21:35'),
	(79, '', 0, '/api/v1/system/dict/data/getDictData', 'GET', 1, 'admin', '深圳总公司', '/api/v1/system/dict/data/getDictData?dictType=sys_show_hide&defaultValue=', '::1', '内网IP', '{"defaultValue":"","dictType":"sys_show_hide"}', '', '2024-03-06 02:22:46'),
	(80, '', 0, '/api/v1/system/menu/list', 'GET', 1, 'admin', '深圳总公司', '/api/v1/system/menu/list?title=&component=', '::1', '内网IP', '{"component":"","title":""}', '', '2024-03-06 02:22:46'),
	(81, '', 0, '/api/v1/system/menu/getParams', 'GET', 1, 'admin', '深圳总公司', '/api/v1/system/menu/getParams', '::1', '内网IP', '{}', '', '2024-03-06 02:22:52'),
	(82, '', 0, '/api/v1/system/menu/get', 'GET', 1, 'admin', '深圳总公司', '/api/v1/system/menu/get?id=32', '::1', '内网IP', '{"id":"32"}', '', '2024-03-06 02:22:52'),
	(83, '修改菜单', 0, '/api/v1/system/menu/update', 'PUT', 1, 'admin', '深圳总公司', '/api/v1/system/menu/update', '::1', '内网IP', '{"component":"system/monitor/server/index","icon":"iconfont icon-shuju","id":32,"isAffix":0,"isHide":"0","isIframe":0,"isKeepAlive":1,"isLink":0,"linkUrl":"","menuName":"服务监控","menuSort":0,"menuType":"0","name":"api/v1/system/monitor/server","path":"/system/monitor/server","pid":31,"redirect":"","roles":[2]}', '', '2024-03-06 02:23:09'),
	(84, '', 0, '/api/v1/system/user/getUserMenus', 'GET', 1, 'admin', '深圳总公司', '/api/v1/system/user/getUserMenus', '::1', '内网IP', '{}', '', '2024-03-06 02:23:09'),
	(85, '', 0, '/api/v1/system/menu/list', 'GET', 1, 'admin', '深圳总公司', '/api/v1/system/menu/list?title=&component=', '::1', '内网IP', '{"component":"","title":""}', '', '2024-03-06 02:23:09'),
	(86, '', 0, '/api/v1/system/dict/data/getDictData', 'GET', 1, 'admin', '深圳总公司', '/api/v1/system/dict/data/getDictData?dictType=sys_show_hide&defaultValue=', '::1', '内网IP', '{"defaultValue":"","dictType":"sys_show_hide"}', '', '2024-03-06 02:23:11'),
	(87, '', 0, '/api/v1/system/menu/list', 'GET', 1, 'admin', '深圳总公司', '/api/v1/system/menu/list?title=&component=', '::1', '内网IP', '{"component":"","title":""}', '', '2024-03-06 02:23:11'),
	(88, '服务监控', 0, '/api/v1/system/monitor/server', 'GET', 1, 'admin', '深圳总公司', '/api/v1/system/monitor/server', '::1', '内网IP', '{}', '', '2024-03-06 02:23:19'),
	(89, '字典管理', 0, '/api/v1/system/dict/type/list', 'GET', 1, 'admin', '深圳总公司', '/api/v1/system/dict/type/list?pageNum=1&pageSize=10&dictName=&dictType=&status=', '::1', '内网IP', '{"dictName":"","dictType":"","pageNum":"1","pageSize":"10","status":""}', '', '2024-03-06 02:23:24'),
	(90, '字典管理', 0, '/api/v1/system/dict/type/list', 'GET', 1, 'admin', '深圳总公司', '/api/v1/system/dict/type/list?pageNum=2&pageSize=10&dictName=&dictType=&status=', '::1', '内网IP', '{"dictName":"","dictType":"","pageNum":"2","pageSize":"10","status":""}', '', '2024-03-06 02:23:29'),
	(91, '字典管理', 0, '/api/v1/system/dict/type/list', 'GET', 1, 'admin', '深圳总公司', '/api/v1/system/dict/type/list?pageNum=3&pageSize=10&dictName=&dictType=&status=', '::1', '内网IP', '{"dictName":"","dictType":"","pageNum":"3","pageSize":"10","status":""}', '', '2024-03-06 02:23:30'),
	(92, '', 0, '/api/v1/system/dict/data/list', 'GET', 1, 'admin', '深圳总公司', '/api/v1/system/dict/data/list?pageNum=1&pageSize=10&dictLabel=&dictType=%3AdictType&status=', '::1', '内网IP', '{"dictLabel":"","dictType":":dictType","pageNum":"1","pageSize":"10","status":""}', '', '2024-03-06 02:23:32'),
	(93, '', 0, '/api/v1/system/dict/data/getDictData', 'GET', 1, 'admin', '深圳总公司', '/api/v1/system/dict/data/getDictData?dictType=sys_show_hide&defaultValue=', '::1', '内网IP', '{"defaultValue":"","dictType":"sys_show_hide"}', '', '2024-03-06 02:29:18'),
	(94, '', 0, '/api/v1/system/menu/list', 'GET', 1, 'admin', '深圳总公司', '/api/v1/system/menu/list?title=&component=', '::1', '内网IP', '{"component":"","title":""}', '', '2024-03-06 02:29:18'),
	(95, '在线用户', 0, '/api/v1/system/online/list', 'GET', 1, 'admin', '深圳总公司', '/api/v1/system/online/list?ipaddr=&userName=&pageNum=1&pageSize=10', '::1', '内网IP', '{"ipaddr":"","pageNum":"1","pageSize":"10","userName":""}', '', '2024-03-06 02:35:54'),
	(96, '', 0, '/api/v1/system/dict/data/getDictData', 'GET', 1, 'admin', '深圳总公司', '/api/v1/system/dict/data/getDictData?dictType=sys_oper_log_type&defaultValue=', '::1', '内网IP', '{"defaultValue":"","dictType":"sys_oper_log_type"}', '', '2024-03-06 02:35:58'),
	(97, '操作日志', 0, '/api/v1/system/operLog/list', 'GET', 1, 'admin', '深圳总公司', '/api/v1/system/operLog/list?pageNum=1&pageSize=10', '::1', '内网IP', '{"pageNum":"1","pageSize":"10"}', '', '2024-03-06 02:35:58'),
	(98, '', 0, '/api/v1/system/menu/getParams', 'GET', 1, 'admin', '深圳总公司', '/api/v1/system/menu/getParams', '::1', '内网IP', '{}', '', '2024-03-06 02:37:18'),
	(99, '', 0, '/api/v1/system/menu/get', 'GET', 1, 'admin', '深圳总公司', '/api/v1/system/menu/get?id=2', '::1', '内网IP', '{"id":"2"}', '', '2024-03-06 02:37:18'),
	(100, '', 0, '/api/v1/system/dict/data/getDictData', 'GET', 1, 'admin', '深圳总公司', '/api/v1/system/dict/data/getDictData?dictType=sys_show_hide&defaultValue=', '::1', '内网IP', '{"defaultValue":"","dictType":"sys_show_hide"}', '', '2024-03-06 03:09:19'),
	(101, '', 0, '/api/v1/system/menu/list', 'GET', 1, 'admin', '深圳总公司', '/api/v1/system/menu/list?title=&component=', '::1', '内网IP', '{"component":"","title":""}', '', '2024-03-06 03:09:19'),
	(102, '', 0, '/api/v1/system/menu/getParams', 'GET', 1, 'admin', '深圳总公司', '/api/v1/system/menu/getParams', '::1', '内网IP', '{}', '', '2024-03-06 03:09:23'),
	(103, '', 0, '/api/v1/system/menu/get', 'GET', 1, 'admin', '深圳总公司', '/api/v1/system/menu/get?id=35', '::1', '内网IP', '{"id":"35"}', '', '2024-03-06 03:09:23'),
	(104, '修改菜单', 0, '/api/v1/system/menu/update', 'PUT', 1, 'admin', '深圳总公司', '/api/v1/system/menu/update', '::1', '内网IP', '{"component":"layout/routerView/parent","icon":"iconfont icon-zujian","id":35,"isAffix":0,"isHide":"1","isIframe":0,"isKeepAlive":1,"isLink":0,"linkUrl":"","menuName":"系统工具","menuSort":25,"menuType":"0","name":"api/v1/system/tools","path":"/system/tools","pid":0,"redirect":"","roles":[1]}', '', '2024-03-06 03:09:24'),
	(105, '', 0, '/api/v1/system/user/getUserMenus', 'GET', 1, 'admin', '深圳总公司', '/api/v1/system/user/getUserMenus', '::1', '内网IP', '{}', '', '2024-03-06 03:09:24'),
	(106, '', 0, '/api/v1/system/menu/list', 'GET', 1, 'admin', '深圳总公司', '/api/v1/system/menu/list?title=&component=', '::1', '内网IP', '{"component":"","title":""}', '', '2024-03-06 03:09:24'),
	(107, '', 0, '/api/v1/system/dict/data/getDictData', 'GET', 1, 'admin', '深圳总公司', '/api/v1/system/dict/data/getDictData?dictType=sys_show_hide&defaultValue=', '::1', '内网IP', '{"defaultValue":"","dictType":"sys_show_hide"}', '', '2024-03-06 03:09:26'),
	(108, '', 0, '/api/v1/system/menu/list', 'GET', 1, 'admin', '深圳总公司', '/api/v1/system/menu/list?title=&component=', '::1', '内网IP', '{"component":"","title":""}', '', '2024-03-06 03:09:26'),
	(109, '', 0, '/api/v1/system/dict/data/getDictData', 'GET', 1, 'admin', '深圳总公司', '/api/v1/system/dict/data/getDictData?dictType=sys_user_sex&defaultValue=', '::1', '内网IP', '{"defaultValue":"","dictType":"sys_user_sex"}', '', '2024-03-06 03:09:31'),
	(110, '', 0, '/api/v1/system/dept/treeSelect', 'GET', 1, 'admin', '深圳总公司', '/api/v1/system/dept/treeSelect', '::1', '内网IP', '{}', '', '2024-03-06 03:09:31'),
	(111, '', 0, '/api/v1/system/user/params', 'GET', 1, 'admin', '深圳总公司', '/api/v1/system/user/params', '::1', '内网IP', '{}', '', '2024-03-06 03:09:31'),
	(112, '用户管理', 0, '/api/v1/system/user/list', 'GET', 1, 'admin', '深圳总公司', '/api/v1/system/user/list?pageNum=1&pageSize=10&deptId=&mobile=&status=&keyWords=', '::1', '内网IP', '{"deptId":"","keyWords":"","mobile":"","pageNum":"1","pageSize":"10","status":""}', '', '2024-03-06 03:09:31'),
	(113, '字典管理', 0, '/api/v1/system/dict/type/list', 'GET', 1, 'admin', '深圳总公司', '/api/v1/system/dict/type/list?pageNum=1&pageSize=10&dictName=&dictType=&status=', '::1', '内网IP', '{"dictName":"","dictType":"","pageNum":"1","pageSize":"10","status":""}', '', '2024-03-06 03:09:33'),
	(114, '', 0, '/api/v1/system/dict/data/list', 'GET', 1, 'admin', '深圳总公司', '/api/v1/system/dict/data/list?pageNum=1&pageSize=10&dictLabel=&dictType=%3AdictType&status=', '::1', '内网IP', '{"dictLabel":"","dictType":":dictType","pageNum":"1","pageSize":"10","status":""}', '', '2024-03-06 03:09:34'),
	(115, '', 0, '/api/v1/system/dict/data/getDictData', 'GET', 1, 'admin', '深圳总公司', '/api/v1/system/dict/data/getDictData?dictType=sys_yes_no&defaultValue=', '::1', '内网IP', '{"defaultValue":"","dictType":"sys_yes_no"}', '', '2024-03-06 03:09:35'),
	(116, '参数管理', 0, '/api/v1/system/config/list', 'GET', 1, 'admin', '深圳总公司', '/api/v1/system/config/list?pageNum=1&pageSize=10&configName=&configKey=&configType=', '::1', '内网IP', '{"configKey":"","configName":"","configType":"","pageNum":"1","pageSize":"10"}', '', '2024-03-06 03:09:35'),
	(117, '', 0, '/api/v1/system/dict/data/getDictData', 'GET', 1, 'admin', '深圳总公司', '/api/v1/system/dict/data/getDictData?dictType=sys_show_hide&defaultValue=', '::1', '内网IP', '{"defaultValue":"","dictType":"sys_show_hide"}', '', '2024-03-06 03:09:35'),
	(118, '', 0, '/api/v1/system/menu/list', 'GET', 1, 'admin', '深圳总公司', '/api/v1/system/menu/list?title=&component=', '::1', '内网IP', '{"component":"","title":""}', '', '2024-03-06 03:09:35'),
	(119, '', 0, '/api/v1/system/menu/getParams', 'GET', 1, 'admin', '深圳总公司', '/api/v1/system/menu/getParams', '::1', '内网IP', '{}', '', '2024-03-06 03:09:39'),
	(120, '', 0, '/api/v1/system/menu/get', 'GET', 1, 'admin', '深圳总公司', '/api/v1/system/menu/get?id=27', '::1', '内网IP', '{"id":"27"}', '', '2024-03-06 03:09:39'),
	(121, '修改菜单', 0, '/api/v1/system/menu/update', 'PUT', 1, 'admin', '深圳总公司', '/api/v1/system/menu/update', '::1', '内网IP', '{"component":"layout/routerView/parent","icon":"iconfont icon-shuxingtu","id":27,"isAffix":0,"isHide":"1","isIframe":0,"isKeepAlive":1,"isLink":0,"linkUrl":"","menuName":"系统配置","menuSort":40,"menuType":"0","name":"api/v1/system/dict","path":"/system/dict","pid":0,"redirect":"654","roles":[1]}', '', '2024-03-06 03:09:41'),
	(122, '', 0, '/api/v1/system/user/getUserMenus', 'GET', 1, 'admin', '深圳总公司', '/api/v1/system/user/getUserMenus', '::1', '内网IP', '{}', '', '2024-03-06 03:09:41'),
	(123, '', 0, '/api/v1/system/menu/list', 'GET', 1, 'admin', '深圳总公司', '/api/v1/system/menu/list?title=&component=', '::1', '内网IP', '{"component":"","title":""}', '', '2024-03-06 03:09:41'),
	(124, '', 0, '/api/v1/system/dict/data/getDictData', 'GET', 1, 'admin', '深圳总公司', '/api/v1/system/dict/data/getDictData?dictType=sys_show_hide&defaultValue=', '::1', '内网IP', '{"defaultValue":"","dictType":"sys_show_hide"}', '', '2024-03-06 03:09:43'),
	(125, '', 0, '/api/v1/system/menu/list', 'GET', 1, 'admin', '深圳总公司', '/api/v1/system/menu/list?title=&component=', '::1', '内网IP', '{"component":"","title":""}', '', '2024-03-06 03:09:43'),
	(126, '角色管理', 0, '/api/v1/system/role/list', 'GET', 1, 'admin', '深圳总公司', '/api/v1/system/role/list?roleName=&roleStatus=&pageNum=1&pageSize=10', '::1', '内网IP', '{"pageNum":"1","pageSize":"10","roleName":"","roleStatus":""}', '', '2024-03-06 03:09:57'),
	(127, '部门管理', 0, '/api/v1/system/dept/list', 'GET', 1, 'admin', '深圳总公司', '/api/v1/system/dept/list?pageNum=1&pageSize=10&deptName=&status=', '::1', '内网IP', '{"deptName":"","pageNum":"1","pageSize":"10","status":""}', '', '2024-03-06 03:09:58'),
	(128, '岗位管理', 0, '/api/v1/system/post/list', 'GET', 1, 'admin', '深圳总公司', '/api/v1/system/post/list?postName=&status=&postCode=&pageNum=1&pageSize=10', '::1', '内网IP', '{"pageNum":"1","pageSize":"10","postCode":"","postName":"","status":""}', '', '2024-03-06 03:10:00'),
	(129, '', 0, '/api/v1/system/dict/data/getDictData', 'GET', 1, 'admin', '深圳总公司', '/api/v1/system/dict/data/getDictData?dictType=sys_user_sex&defaultValue=', '::1', '内网IP', '{"defaultValue":"","dictType":"sys_user_sex"}', '', '2024-03-06 03:10:00'),
	(130, '', 0, '/api/v1/system/dept/treeSelect', 'GET', 1, 'admin', '深圳总公司', '/api/v1/system/dept/treeSelect', '::1', '内网IP', '{}', '', '2024-03-06 03:10:00'),
	(131, '', 0, '/api/v1/system/user/params', 'GET', 1, 'admin', '深圳总公司', '/api/v1/system/user/params', '::1', '内网IP', '{}', '', '2024-03-06 03:10:00'),
	(132, '用户管理', 0, '/api/v1/system/user/list', 'GET', 1, 'admin', '深圳总公司', '/api/v1/system/user/list?pageNum=1&pageSize=10&deptId=&mobile=&status=&keyWords=', '::1', '内网IP', '{"deptId":"","keyWords":"","mobile":"","pageNum":"1","pageSize":"10","status":""}', '', '2024-03-06 03:10:00'),
	(133, '', 0, '/api/v1/system/dict/data/getDictData', 'GET', 1, 'admin', '深圳总公司', '/api/v1/system/dict/data/getDictData?dictType=sys_show_hide&defaultValue=', '::1', '内网IP', '{"defaultValue":"","dictType":"sys_show_hide"}', '', '2024-03-06 03:27:10'),
	(134, '', 0, '/api/v1/system/menu/list', 'GET', 1, 'admin', '深圳总公司', '/api/v1/system/menu/list?title=&component=', '::1', '内网IP', '{"component":"","title":""}', '', '2024-03-06 03:27:10'),
	(135, '', 0, '/api/v1/system/menu/getParams', 'GET', 1, 'admin', '深圳总公司', '/api/v1/system/menu/getParams', '::1', '内网IP', '{}', '', '2024-03-06 03:27:25'),
	(136, '', 0, '/api/v1/system/menu/get', 'GET', 1, 'admin', '深圳总公司', '/api/v1/system/menu/get?id=10', '::1', '内网IP', '{"id":"10"}', '', '2024-03-06 03:27:25'),
	(137, '修改菜单', 0, '/api/v1/system/menu/update', 'PUT', 1, 'admin', '深圳总公司', '/api/v1/system/menu/update', '::1', '内网IP', '{"component":"system/role/index","icon":"iconfont icon-juxingkaobei","id":10,"isAffix":0,"isHide":"0","isIframe":0,"isKeepAlive":1,"isLink":0,"linkUrl":"","menuName":"角色管理","menuSort":0,"menuType":"0","name":"api/v1/system/role/list","path":"/system/auth/roleList","pid":0,"redirect":"","roles":[1]}', '', '2024-03-06 03:27:30'),
	(138, '', 0, '/api/v1/system/user/getUserMenus', 'GET', 1, 'admin', '深圳总公司', '/api/v1/system/user/getUserMenus', '::1', '内网IP', '{}', '', '2024-03-06 03:27:30'),
	(139, '', 0, '/api/v1/system/menu/list', 'GET', 1, 'admin', '深圳总公司', '/api/v1/system/menu/list?title=&component=', '::1', '内网IP', '{"component":"","title":""}', '', '2024-03-06 03:27:30'),
	(140, '', 0, '/api/v1/system/dict/data/getDictData', 'GET', 1, 'admin', '深圳总公司', '/api/v1/system/dict/data/getDictData?dictType=sys_show_hide&defaultValue=', '::1', '内网IP', '{"defaultValue":"","dictType":"sys_show_hide"}', '', '2024-03-06 03:27:35'),
	(141, '', 0, '/api/v1/system/menu/list', 'GET', 1, 'admin', '深圳总公司', '/api/v1/system/menu/list?title=&component=', '::1', '内网IP', '{"component":"","title":""}', '', '2024-03-06 03:27:35'),
	(142, '角色管理', 0, '/api/v1/system/role/list', 'GET', 1, 'admin', '深圳总公司', '/api/v1/system/role/list?roleName=&roleStatus=&pageNum=1&pageSize=10', '::1', '内网IP', '{"pageNum":"1","pageSize":"10","roleName":"","roleStatus":""}', '', '2024-03-06 03:27:37'),
	(143, '用户管理', 0, '/api/v1/system/user/list', 'GET', 1, 'admin', 'A分部', '/api/v1/system/user/list?pageNum=1&pageSize=10&deptId=&mobile=&status=&keyWords=', '::1', '内网IP', '{"deptId":"","keyWords":"","mobile":"","pageNum":"1","pageSize":"10","status":""}', '', '2024-03-06 07:15:02'),
	(144, '', 0, '/api/v1/system/user/params', 'GET', 1, 'admin', 'A分部', '/api/v1/system/user/params', '::1', '内网IP', '{}', '', '2024-03-06 07:15:02'),
	(145, '', 0, '/api/v1/system/dict/data/getDictData', 'GET', 1, 'admin', 'A分部', '/api/v1/system/dict/data/getDictData?dictType=sys_user_sex&defaultValue=', '::1', '内网IP', '{"defaultValue":"","dictType":"sys_user_sex"}', '', '2024-03-06 07:15:02'),
	(146, '', 0, '/api/v1/system/dept/treeSelect', 'GET', 1, 'admin', 'A分部', '/api/v1/system/dept/treeSelect', '::1', '内网IP', '{}', '', '2024-03-06 07:15:02'),
	(147, '用户管理', 0, '/api/v1/system/user/list', 'GET', 1, 'admin', 'A分部', '/api/v1/system/user/list?pageNum=1&pageSize=10&deptId=103&mobile=&status=&keyWords=', '::1', '内网IP', '{"deptId":"103","keyWords":"","mobile":"","pageNum":"1","pageSize":"10","status":""}', '', '2024-03-06 07:15:12'),
	(148, '用户管理', 0, '/api/v1/system/user/list', 'GET', 1, 'admin', 'A分部', '/api/v1/system/user/list?pageNum=1&pageSize=10&deptId=104&mobile=&status=&keyWords=', '::1', '内网IP', '{"deptId":"104","keyWords":"","mobile":"","pageNum":"1","pageSize":"10","status":""}', '', '2024-03-06 07:15:13'),
	(149, '用户管理', 0, '/api/v1/system/user/list', 'GET', 1, 'admin', 'A分部', '/api/v1/system/user/list?pageNum=1&pageSize=10&deptId=105&mobile=&status=&keyWords=', '::1', '内网IP', '{"deptId":"105","keyWords":"","mobile":"","pageNum":"1","pageSize":"10","status":""}', '', '2024-03-06 07:15:14'),
	(150, '用户管理', 0, '/api/v1/system/user/list', 'GET', 1, 'admin', 'A分部', '/api/v1/system/user/list?pageNum=1&pageSize=10&deptId=105&mobile=&status=&keyWords=', '::1', '内网IP', '{"deptId":"105","keyWords":"","mobile":"","pageNum":"1","pageSize":"10","status":""}', '', '2024-03-06 07:15:14'),
	(151, '用户管理', 0, '/api/v1/system/user/list', 'GET', 1, 'admin', 'A分部', '/api/v1/system/user/list?pageNum=1&pageSize=10&deptId=106&mobile=&status=&keyWords=', '::1', '内网IP', '{"deptId":"106","keyWords":"","mobile":"","pageNum":"1","pageSize":"10","status":""}', '', '2024-03-06 07:15:14'),
	(152, '用户管理', 0, '/api/v1/system/user/list', 'GET', 1, 'admin', 'A分部', '/api/v1/system/user/list?pageNum=1&pageSize=10&deptId=202&mobile=&status=&keyWords=', '::1', '内网IP', '{"deptId":"202","keyWords":"","mobile":"","pageNum":"1","pageSize":"10","status":""}', '', '2024-03-06 07:15:34'),
	(153, '用户管理', 0, '/api/v1/system/user/list', 'GET', 1, 'admin', 'A分部', '/api/v1/system/user/list?pageNum=1&pageSize=10&deptId=202&mobile=&status=&keyWords=', '::1', '内网IP', '{"deptId":"202","keyWords":"","mobile":"","pageNum":"1","pageSize":"10","status":""}', '', '2024-03-06 07:15:35'),
	(154, '用户管理', 0, '/api/v1/system/user/list', 'GET', 1, 'admin', 'A分部', '/api/v1/system/user/list?pageNum=1&pageSize=10&deptId=203&mobile=&status=&keyWords=', '::1', '内网IP', '{"deptId":"203","keyWords":"","mobile":"","pageNum":"1","pageSize":"10","status":""}', '', '2024-03-06 07:15:35'),
	(155, '用户管理', 0, '/api/v1/system/user/list', 'GET', 1, 'admin', 'A分部', '/api/v1/system/user/list?pageNum=1&pageSize=10&deptId=202&mobile=&status=&keyWords=', '::1', '内网IP', '{"deptId":"202","keyWords":"","mobile":"","pageNum":"1","pageSize":"10","status":""}', '', '2024-03-06 07:15:36'),
	(156, '部门管理', 0, '/api/v1/system/dept/list', 'GET', 1, 'admin', 'A分部', '/api/v1/system/dept/list?pageNum=1&pageSize=10&deptName=&status=', '::1', '内网IP', '{"deptName":"","pageNum":"1","pageSize":"10","status":""}', '', '2024-03-06 07:15:38'),
	(157, '删除部门', 0, '/api/v1/system/dept/delete', 'DELETE', 1, 'admin', 'A分部', '/api/v1/system/dept/delete', '::1', '内网IP', '{"id":110}', '', '2024-03-06 07:15:46'),
	(158, '部门管理', 0, '/api/v1/system/dept/list', 'GET', 1, 'admin', 'A分部', '/api/v1/system/dept/list?pageNum=1&pageSize=10&deptName=&status=', '::1', '内网IP', '{"deptName":"","pageNum":"1","pageSize":"10","status":""}', '', '2024-03-06 07:15:46'),
	(159, '删除部门', 0, '/api/v1/system/dept/delete', 'DELETE', 1, 'admin', 'A分部', '/api/v1/system/dept/delete', '::1', '内网IP', '{"id":201}', '', '2024-03-06 07:15:50'),
	(160, '部门管理', 0, '/api/v1/system/dept/list', 'GET', 1, 'admin', 'A分部', '/api/v1/system/dept/list?pageNum=1&pageSize=10&deptName=&status=', '::1', '内网IP', '{"deptName":"","pageNum":"1","pageSize":"10","status":""}', '', '2024-03-06 07:15:50'),
	(161, '删除部门', 0, '/api/v1/system/dept/delete', 'DELETE', 1, 'admin', 'A分部', '/api/v1/system/dept/delete', '::1', '内网IP', '{"id":202}', '', '2024-03-06 07:15:53'),
	(162, '部门管理', 0, '/api/v1/system/dept/list', 'GET', 1, 'admin', 'A分部', '/api/v1/system/dept/list?pageNum=1&pageSize=10&deptName=&status=', '::1', '内网IP', '{"deptName":"","pageNum":"1","pageSize":"10","status":""}', '', '2024-03-06 07:15:53'),
	(163, '删除部门', 0, '/api/v1/system/dept/delete', 'DELETE', 1, 'admin', 'A分部', '/api/v1/system/dept/delete', '::1', '内网IP', '{"id":203}', '', '2024-03-06 07:15:55'),
	(164, '部门管理', 0, '/api/v1/system/dept/list', 'GET', 1, 'admin', 'A分部', '/api/v1/system/dept/list?pageNum=1&pageSize=10&deptName=&status=', '::1', '内网IP', '{"deptName":"","pageNum":"1","pageSize":"10","status":""}', '', '2024-03-06 07:15:55'),
	(165, '部门管理', 0, '/api/v1/system/dept/list', 'GET', 1, 'admin', 'A分部', '/api/v1/system/dept/list?pageNum=1&pageSize=10&deptName=&status=', '::1', '内网IP', '{"deptName":"","pageNum":"1","pageSize":"10","status":""}', '', '2024-03-06 07:16:01'),
	(166, '', 0, '/api/v1/system/menu/list', 'GET', 1, 'admin', 'A分部', '/api/v1/system/menu/list?title=&component=', '::1', '内网IP', '{"component":"","title":""}', '', '2024-03-06 08:10:39'),
	(167, '', 0, '/api/v1/system/dict/data/getDictData', 'GET', 1, 'admin', 'A分部', '/api/v1/system/dict/data/getDictData?dictType=sys_show_hide&defaultValue=', '::1', '内网IP', '{"defaultValue":"","dictType":"sys_show_hide"}', '', '2024-03-06 08:10:39'),
	(168, '', 0, '/api/v1/system/menu/get', 'GET', 1, 'admin', 'A分部', '/api/v1/system/menu/get?id=2', '::1', '内网IP', '{"id":"2"}', '', '2024-03-06 08:10:51'),
	(169, '', 0, '/api/v1/system/menu/getParams', 'GET', 1, 'admin', 'A分部', '/api/v1/system/menu/getParams', '::1', '内网IP', '{}', '', '2024-03-06 08:10:51'),
	(170, '修改菜单', 0, '/api/v1/system/menu/update', 'PUT', 1, 'admin', 'A分部', '/api/v1/system/menu/update', '::1', '内网IP', '{"component":"system/menu/index","icon":"ele-Calendar","id":2,"isAffix":0,"isHide":"0","isIframe":0,"isKeepAlive":1,"isLink":0,"linkUrl":"","menuName":"系统管理","menuSort":0,"menuType":"0","name":"api/v1/system/auth/menuList","path":"/system/auth/menuList","pid":0,"redirect":"","roles":[1]}', '', '2024-03-06 08:11:07'),
	(171, '', 0, '/api/v1/system/user/getUserMenus', 'GET', 1, 'admin', 'A分部', '/api/v1/system/user/getUserMenus', '::1', '内网IP', '{}', '', '2024-03-06 08:11:07'),
	(172, '', 0, '/api/v1/system/menu/list', 'GET', 1, 'admin', 'A分部', '/api/v1/system/menu/list?title=&component=', '::1', '内网IP', '{"component":"","title":""}', '', '2024-03-06 08:11:07'),
	(173, '', 0, '/api/v1/system/dict/data/getDictData', 'GET', 1, 'admin', 'A分部', '/api/v1/system/dict/data/getDictData?dictType=sys_show_hide&defaultValue=', '::1', '内网IP', '{"defaultValue":"","dictType":"sys_show_hide"}', '', '2024-03-06 08:11:10'),
	(174, '', 0, '/api/v1/system/menu/list', 'GET', 1, 'admin', 'A分部', '/api/v1/system/menu/list?title=&component=', '::1', '内网IP', '{"component":"","title":""}', '', '2024-03-06 08:11:10'),
	(175, '', 0, '/api/v1/system/menu/getParams', 'GET', 1, 'admin', 'A分部', '/api/v1/system/menu/getParams', '::1', '内网IP', '{}', '', '2024-03-06 08:11:23'),
	(176, '', 0, '/api/v1/system/menu/get', 'GET', 1, 'admin', 'A分部', '/api/v1/system/menu/get?id=15', '::1', '内网IP', '{"id":"15"}', '', '2024-03-06 08:11:23'),
	(177, '修改菜单', 0, '/api/v1/system/menu/update', 'PUT', 1, 'admin', 'A分部', '/api/v1/system/menu/update', '::1', '内网IP', '{"component":"system/dept/index","icon":"iconfont icon-siweidaotu","id":15,"isAffix":0,"isHide":"0","isIframe":0,"isKeepAlive":1,"isLink":0,"linkUrl":"","menuName":"部门管理","menuSort":0,"menuType":"0","name":"api/v1/system/dept/list","path":"/system/auth/deptList","pid":0,"redirect":"","roles":[1]}', '', '2024-03-06 08:11:28'),
	(178, '', 0, '/api/v1/system/user/getUserMenus', 'GET', 1, 'admin', 'A分部', '/api/v1/system/user/getUserMenus', '::1', '内网IP', '{}', '', '2024-03-06 08:11:28'),
	(179, '', 0, '/api/v1/system/menu/list', 'GET', 1, 'admin', 'A分部', '/api/v1/system/menu/list?title=&component=', '::1', '内网IP', '{"component":"","title":""}', '', '2024-03-06 08:11:28'),
	(180, '', 0, '/api/v1/system/dict/data/getDictData', 'GET', 1, 'admin', 'A分部', '/api/v1/system/dict/data/getDictData?dictType=sys_show_hide&defaultValue=', '::1', '内网IP', '{"defaultValue":"","dictType":"sys_show_hide"}', '', '2024-03-06 08:11:35'),
	(181, '', 0, '/api/v1/system/menu/list', 'GET', 1, 'admin', 'A分部', '/api/v1/system/menu/list?title=&component=', '::1', '内网IP', '{"component":"","title":""}', '', '2024-03-06 08:11:35'),
	(182, '岗位管理', 0, '/api/v1/system/post/list', 'GET', 1, 'admin', 'A分部', '/api/v1/system/post/list?postName=&status=&postCode=&pageNum=1&pageSize=10', '::1', '内网IP', '{"pageNum":"1","pageSize":"10","postCode":"","postName":"","status":""}', '', '2024-03-06 08:12:13'),
	(183, '', 0, '/api/v1/system/dict/data/getDictData', 'GET', 1, 'admin', 'A分部', '/api/v1/system/dict/data/getDictData?dictType=sys_user_sex&defaultValue=', '::1', '内网IP', '{"defaultValue":"","dictType":"sys_user_sex"}', '', '2024-03-06 08:12:13'),
	(184, '', 0, '/api/v1/system/dept/treeSelect', 'GET', 1, 'admin', 'A分部', '/api/v1/system/dept/treeSelect', '::1', '内网IP', '{}', '', '2024-03-06 08:12:13'),
	(185, '', 0, '/api/v1/system/user/params', 'GET', 1, 'admin', 'A分部', '/api/v1/system/user/params', '::1', '内网IP', '{}', '', '2024-03-06 08:12:13'),
	(186, '用户管理', 0, '/api/v1/system/user/list', 'GET', 1, 'admin', 'A分部', '/api/v1/system/user/list?pageNum=1&pageSize=10&deptId=&mobile=&status=&keyWords=', '::1', '内网IP', '{"deptId":"","keyWords":"","mobile":"","pageNum":"1","pageSize":"10","status":""}', '', '2024-03-06 08:12:13'),
	(187, '角色管理', 0, '/api/v1/system/role/list', 'GET', 1, 'admin', 'A分部', '/api/v1/system/role/list?roleName=&roleStatus=&pageNum=1&pageSize=10', '::1', '内网IP', '{"pageNum":"1","pageSize":"10","roleName":"","roleStatus":""}', '', '2024-03-06 08:12:17'),
	(188, '', 0, '/api/v1/system/dict/data/getDictData', 'GET', 1, 'admin', 'A分部', '/api/v1/system/dict/data/getDictData?dictType=sys_user_sex&defaultValue=', '::1', '内网IP', '{"defaultValue":"","dictType":"sys_user_sex"}', '', '2024-03-06 08:12:35'),
	(189, '', 0, '/api/v1/system/dept/treeSelect', 'GET', 1, 'admin', 'A分部', '/api/v1/system/dept/treeSelect', '::1', '内网IP', '{}', '', '2024-03-06 08:12:35'),
	(190, '', 0, '/api/v1/system/user/params', 'GET', 1, 'admin', 'A分部', '/api/v1/system/user/params', '::1', '内网IP', '{}', '', '2024-03-06 08:12:35'),
	(191, '用户管理', 0, '/api/v1/system/user/list', 'GET', 1, 'admin', 'A分部', '/api/v1/system/user/list?pageNum=1&pageSize=10&deptId=&mobile=&status=&keyWords=', '::1', '内网IP', '{"deptId":"","keyWords":"","mobile":"","pageNum":"1","pageSize":"10","status":""}', '', '2024-03-06 08:12:35'),
	(192, '', 0, '/api/v1/system/dict/data/getDictData', 'GET', 1, 'admin', 'A分部', '/api/v1/system/dict/data/getDictData?dictType=sys_user_sex&defaultValue=', '::1', '内网IP', '{"defaultValue":"","dictType":"sys_user_sex"}', '', '2024-03-06 08:12:40'),
	(193, '', 0, '/api/v1/system/dept/treeSelect', 'GET', 1, 'admin', 'A分部', '/api/v1/system/dept/treeSelect', '::1', '内网IP', '{}', '', '2024-03-06 08:12:40'),
	(194, '', 0, '/api/v1/system/user/params', 'GET', 1, 'admin', 'A分部', '/api/v1/system/user/params', '::1', '内网IP', '{}', '', '2024-03-06 08:12:40'),
	(195, '用户管理', 0, '/api/v1/system/user/list', 'GET', 1, 'admin', 'A分部', '/api/v1/system/user/list?pageNum=1&pageSize=10&deptId=&mobile=&status=&keyWords=', '::1', '内网IP', '{"deptId":"","keyWords":"","mobile":"","pageNum":"1","pageSize":"10","status":""}', '', '2024-03-06 08:12:40'),
	(196, '', 0, '/api/v1/system/dict/data/getDictData', 'GET', 1, 'admin', 'A分部', '/api/v1/system/dict/data/getDictData?dictType=sys_show_hide&defaultValue=', '::1', '内网IP', '{"defaultValue":"","dictType":"sys_show_hide"}', '', '2024-03-06 08:12:45'),
	(197, '', 0, '/api/v1/system/menu/list', 'GET', 1, 'admin', 'A分部', '/api/v1/system/menu/list?title=&component=', '::1', '内网IP', '{"component":"","title":""}', '', '2024-03-06 08:12:45'),
	(198, '', 0, '/api/v1/system/dict/data/getDictData', 'GET', 1, 'admin', 'A分部', '/api/v1/system/dict/data/getDictData?dictType=sys_user_sex&defaultValue=', '::1', '内网IP', '{"defaultValue":"","dictType":"sys_user_sex"}', '', '2024-03-06 08:13:03'),
	(199, '', 0, '/api/v1/system/dept/treeSelect', 'GET', 1, 'admin', 'A分部', '/api/v1/system/dept/treeSelect', '::1', '内网IP', '{}', '', '2024-03-06 08:13:03'),
	(200, '', 0, '/api/v1/system/user/params', 'GET', 1, 'admin', 'A分部', '/api/v1/system/user/params', '::1', '内网IP', '{}', '', '2024-03-06 08:13:03'),
	(201, '用户管理', 0, '/api/v1/system/user/list', 'GET', 1, 'admin', 'A分部', '/api/v1/system/user/list?pageNum=1&pageSize=10&deptId=&mobile=&status=&keyWords=', '::1', '内网IP', '{"deptId":"","keyWords":"","mobile":"","pageNum":"1","pageSize":"10","status":""}', '', '2024-03-06 08:13:03'),
	(202, '', 0, '/api/v1/system/menu/getParams', 'GET', 1, 'admin', 'A分部', '/api/v1/system/menu/getParams', '::1', '内网IP', '{}', '', '2024-03-06 08:13:23'),
	(203, '', 0, '/api/v1/system/menu/get', 'GET', 1, 'admin', 'A分部', '/api/v1/system/menu/get?id=27', '::1', '内网IP', '{"id":"27"}', '', '2024-03-06 08:13:28'),
	(204, '', 0, '/api/v1/system/menu/getParams', 'GET', 1, 'admin', 'A分部', '/api/v1/system/menu/getParams', '::1', '内网IP', '{}', '', '2024-03-06 08:13:28'),
	(205, '', 0, '/api/v1/system/menu/getParams', 'GET', 1, 'admin', 'A分部', '/api/v1/system/menu/getParams', '::1', '内网IP', '{}', '', '2024-03-06 08:13:44'),
	(206, '', 0, '/api/v1/system/menu/get', 'GET', 1, 'admin', 'A分部', '/api/v1/system/menu/get?id=10', '::1', '内网IP', '{"id":"10"}', '', '2024-03-06 08:13:44'),
	(207, '', 0, '/api/v1/system/dict/data/getDictData', 'GET', 1, 'admin', 'A分部', '/api/v1/system/dict/data/getDictData?dictType=sys_user_sex&defaultValue=', '::1', '内网IP', '{"defaultValue":"","dictType":"sys_user_sex"}', '', '2024-03-06 08:14:02'),
	(208, '', 0, '/api/v1/system/user/params', 'GET', 1, 'admin', 'A分部', '/api/v1/system/user/params', '::1', '内网IP', '{}', '', '2024-03-06 08:14:02'),
	(209, '', 0, '/api/v1/system/dept/treeSelect', 'GET', 1, 'admin', 'A分部', '/api/v1/system/dept/treeSelect', '::1', '内网IP', '{}', '', '2024-03-06 08:14:02'),
	(210, '用户管理', 0, '/api/v1/system/user/list', 'GET', 1, 'admin', 'A分部', '/api/v1/system/user/list?pageNum=1&pageSize=10&deptId=&mobile=&status=&keyWords=', '::1', '内网IP', '{"deptId":"","keyWords":"","mobile":"","pageNum":"1","pageSize":"10","status":""}', '', '2024-03-06 08:14:02'),
	(211, '', 0, '/api/v1/system/menu/getParams', 'GET', 1, 'admin', 'A分部', '/api/v1/system/menu/getParams', '::1', '内网IP', '{}', '', '2024-03-06 08:14:14'),
	(212, '', 0, '/api/v1/system/menu/get', 'GET', 1, 'admin', 'A分部', '/api/v1/system/menu/get?id=22', '::1', '内网IP', '{"id":"22"}', '', '2024-03-06 08:14:14'),
	(213, '修改菜单', 0, '/api/v1/system/menu/update', 'PUT', 1, 'admin', 'A分部', '/api/v1/system/menu/update', '::1', '内网IP', '{"component":"system/post/index","icon":"iconfont icon-neiqianshujuchucun","id":22,"isAffix":0,"isHide":"0","isIframe":0,"isKeepAlive":1,"isLink":0,"linkUrl":"","menuName":"岗位管理","menuSort":0,"menuType":"1","name":"api/v1/system/post/list","path":"/system/auth/postList","pid":10,"redirect":"","roles":[1]}', '', '2024-03-06 08:14:23'),
	(214, '', 0, '/api/v1/system/user/getUserMenus', 'GET', 1, 'admin', 'A分部', '/api/v1/system/user/getUserMenus', '::1', '内网IP', '{}', '', '2024-03-06 08:14:23'),
	(215, '', 0, '/api/v1/system/menu/list', 'GET', 1, 'admin', 'A分部', '/api/v1/system/menu/list?title=&component=', '::1', '内网IP', '{"component":"","title":""}', '', '2024-03-06 08:14:23'),
	(216, '岗位管理', 0, '/api/v1/system/post/list', 'GET', 1, 'admin', 'A分部', '/api/v1/system/post/list?postName=&status=&postCode=&pageNum=1&pageSize=10', '::1', '内网IP', '{"pageNum":"1","pageSize":"10","postCode":"","postName":"","status":""}', '', '2024-03-06 08:14:28'),
	(217, '', 0, '/api/v1/system/dict/data/getDictData', 'GET', 1, 'admin', 'A分部', '/api/v1/system/dict/data/getDictData?dictType=sys_show_hide&defaultValue=', '::1', '内网IP', '{"defaultValue":"","dictType":"sys_show_hide"}', '', '2024-03-06 08:14:38'),
	(218, '', 0, '/api/v1/system/menu/list', 'GET', 1, 'admin', 'A分部', '/api/v1/system/menu/list?title=&component=', '::1', '内网IP', '{"component":"","title":""}', '', '2024-03-06 08:14:38'),
	(219, '', 0, '/api/v1/system/menu/getParams', 'GET', 1, 'admin', 'A分部', '/api/v1/system/menu/getParams', '::1', '内网IP', '{}', '', '2024-03-06 08:14:58'),
	(220, '', 0, '/api/v1/system/menu/get', 'GET', 1, 'admin', 'A分部', '/api/v1/system/menu/get?id=22', '::1', '内网IP', '{"id":"22"}', '', '2024-03-06 08:15:19'),
	(221, '', 0, '/api/v1/system/menu/getParams', 'GET', 1, 'admin', 'A分部', '/api/v1/system/menu/getParams', '::1', '内网IP', '{}', '', '2024-03-06 08:15:19'),
	(222, '修改菜单', 0, '/api/v1/system/menu/update', 'PUT', 1, 'admin', 'A分部', '/api/v1/system/menu/update', '::1', '内网IP', '{"component":"system/post/index","icon":"iconfont icon-neiqianshujuchucun","id":22,"isAffix":0,"isHide":"0","isIframe":0,"isKeepAlive":1,"isLink":0,"linkUrl":"","menuName":"岗位管理","menuSort":0,"menuType":"1","name":"api/v1/system/post/list","path":"/system/auth/postList","pid":0,"redirect":"","roles":[1]}', '', '2024-03-06 08:15:29'),
	(223, '', 0, '/api/v1/system/user/getUserMenus', 'GET', 1, 'admin', 'A分部', '/api/v1/system/user/getUserMenus', '::1', '内网IP', '{}', '', '2024-03-06 08:15:29'),
	(224, '', 0, '/api/v1/system/menu/list', 'GET', 1, 'admin', 'A分部', '/api/v1/system/menu/list?title=&component=', '::1', '内网IP', '{"component":"","title":""}', '', '2024-03-06 08:15:29'),
	(225, '', 0, '/api/v1/system/dict/data/getDictData', 'GET', 1, 'admin', 'A分部', '/api/v1/system/dict/data/getDictData?dictType=sys_show_hide&defaultValue=', '::1', '内网IP', '{"defaultValue":"","dictType":"sys_show_hide"}', '', '2024-03-06 08:15:31'),
	(226, '', 0, '/api/v1/system/menu/list', 'GET', 1, 'admin', 'A分部', '/api/v1/system/menu/list?title=&component=', '::1', '内网IP', '{"component":"","title":""}', '', '2024-03-06 08:15:31'),
	(227, '角色管理', 0, '/api/v1/system/role/list', 'GET', 1, 'admin', 'A分部', '/api/v1/system/role/list?roleName=&roleStatus=&pageNum=1&pageSize=10', '::1', '内网IP', '{"pageNum":"1","pageSize":"10","roleName":"","roleStatus":""}', '', '2024-03-06 08:15:33'),
	(228, '部门管理', 0, '/api/v1/system/dept/list', 'GET', 1, 'admin', 'A分部', '/api/v1/system/dept/list?pageNum=1&pageSize=10&deptName=&status=', '::1', '内网IP', '{"deptName":"","pageNum":"1","pageSize":"10","status":""}', '', '2024-03-06 08:15:34'),
	(229, '岗位管理', 0, '/api/v1/system/post/list', 'GET', 1, 'admin', 'A分部', '/api/v1/system/post/list?postName=&status=&postCode=&pageNum=1&pageSize=10', '::1', '内网IP', '{"pageNum":"1","pageSize":"10","postCode":"","postName":"","status":""}', '', '2024-03-06 08:15:35'),
	(230, '部门管理', 0, '/api/v1/system/dept/list', 'GET', 1, 'admin', 'A分部', '/api/v1/system/dept/list?pageNum=1&pageSize=10&deptName=&status=', '::1', '内网IP', '{"deptName":"","pageNum":"1","pageSize":"10","status":""}', '', '2024-03-06 08:15:37'),
	(231, '部门管理', 0, '/api/v1/system/dept/list', 'GET', 1, 'admin', 'A分部', '/api/v1/system/dept/list?pageNum=1&pageSize=10&deptName=&status=', '::1', '内网IP', '{"deptName":"","pageNum":"1","pageSize":"10","status":""}', '', '2024-03-06 08:15:40'),
	(232, '', 0, '/api/v1/system/dict/data/getDictData', 'GET', 1, 'admin', 'A分部', '/api/v1/system/dict/data/getDictData?dictType=sys_user_sex&defaultValue=', '::1', '内网IP', '{"defaultValue":"","dictType":"sys_user_sex"}', '', '2024-03-06 08:15:43'),
	(233, '', 0, '/api/v1/system/dept/treeSelect', 'GET', 1, 'admin', 'A分部', '/api/v1/system/dept/treeSelect', '::1', '内网IP', '{}', '', '2024-03-06 08:15:43'),
	(234, '', 0, '/api/v1/system/user/params', 'GET', 1, 'admin', 'A分部', '/api/v1/system/user/params', '::1', '内网IP', '{}', '', '2024-03-06 08:15:43'),
	(235, '用户管理', 0, '/api/v1/system/user/list', 'GET', 1, 'admin', 'A分部', '/api/v1/system/user/list?pageNum=1&pageSize=10&deptId=&mobile=&status=&keyWords=', '::1', '内网IP', '{"deptId":"","keyWords":"","mobile":"","pageNum":"1","pageSize":"10","status":""}', '', '2024-03-06 08:15:43'),
	(236, '', 0, '/api/v1/system/dict/data/getDictData', 'GET', 1, 'admin', 'A分部', '/api/v1/system/dict/data/getDictData?dictType=sys_show_hide&defaultValue=', '::1', '内网IP', '{"defaultValue":"","dictType":"sys_show_hide"}', '', '2024-03-06 08:15:55'),
	(237, '', 0, '/api/v1/system/menu/list', 'GET', 1, 'admin', 'A分部', '/api/v1/system/menu/list?title=&component=', '::1', '内网IP', '{"component":"","title":""}', '', '2024-03-06 08:15:55'),
	(238, '', 0, '/api/v1/system/menu/getParams', 'GET', 1, 'admin', 'A分部', '/api/v1/system/menu/getParams', '::1', '内网IP', '{}', '', '2024-03-06 08:16:02'),
	(239, '', 0, '/api/v1/system/menu/get', 'GET', 1, 'admin', 'A分部', '/api/v1/system/menu/get?id=26', '::1', '内网IP', '{"id":"26"}', '', '2024-03-06 08:16:02'),
	(240, '修改菜单', 0, '/api/v1/system/menu/update', 'PUT', 1, 'admin', 'A分部', '/api/v1/system/menu/update', '::1', '内网IP', '{"component":"system/user/index","icon":"ele-User","id":26,"isAffix":0,"isHide":"0","isIframe":0,"isKeepAlive":1,"isLink":0,"linkUrl":"","menuName":"人员管理","menuSort":0,"menuType":"0","name":"api/v1/system/user/list","path":"/system/auth/user/list","pid":0,"redirect":"","roles":[1]}', '', '2024-03-06 08:16:12'),
	(241, '', 0, '/api/v1/system/user/getUserMenus', 'GET', 1, 'admin', 'A分部', '/api/v1/system/user/getUserMenus', '::1', '内网IP', '{}', '', '2024-03-06 08:16:12'),
	(242, '', 0, '/api/v1/system/menu/list', 'GET', 1, 'admin', 'A分部', '/api/v1/system/menu/list?title=&component=', '::1', '内网IP', '{"component":"","title":""}', '', '2024-03-06 08:16:12'),
	(243, '', 0, '/api/v1/system/dict/data/getDictData', 'GET', 1, 'admin', 'A分部', '/api/v1/system/dict/data/getDictData?dictType=sys_show_hide&defaultValue=', '::1', '内网IP', '{"defaultValue":"","dictType":"sys_show_hide"}', '', '2024-03-06 08:16:16'),
	(244, '', 0, '/api/v1/system/menu/list', 'GET', 1, 'admin', 'A分部', '/api/v1/system/menu/list?title=&component=', '::1', '内网IP', '{"component":"","title":""}', '', '2024-03-06 08:16:16'),
	(245, '', 0, '/api/v1/system/dict/data/getDictData', 'GET', 1, 'admin', 'A分部', '/api/v1/system/dict/data/getDictData?dictType=sys_show_hide&defaultValue=', '::1', '内网IP', '{"defaultValue":"","dictType":"sys_show_hide"}', '', '2024-03-06 08:16:25'),
	(246, '', 0, '/api/v1/system/menu/list', 'GET', 1, 'admin', 'A分部', '/api/v1/system/menu/list?title=&component=', '::1', '内网IP', '{"component":"","title":""}', '', '2024-03-06 08:16:25'),
	(247, '服务监控', 0, '/api/v1/system/monitor/server', 'GET', 1, 'admin', 'A分部', '/api/v1/system/monitor/server', '::1', '内网IP', '{}', '', '2024-03-06 08:16:27'),
	(248, '', 0, '/api/v1/system/dict/data/getDictData', 'GET', 1, 'admin', 'A分部', '/api/v1/system/dict/data/getDictData?dictType=admin_login_status&defaultValue=', '::1', '内网IP', '{"defaultValue":"","dictType":"admin_login_status"}', '', '2024-03-06 08:16:29'),
	(249, '登录日志', 0, '/api/v1/system/loginLog/list', 'GET', 1, 'admin', 'A分部', '/api/v1/system/loginLog/list?pageNum=1&pageSize=10&status=&ipaddr=&loginLocation=&userName=', '::1', '内网IP', '{"ipaddr":"","loginLocation":"","pageNum":"1","pageSize":"10","status":"","userName":""}', '', '2024-03-06 08:16:29'),
	(250, '', 0, '/api/v1/system/dict/data/getDictData', 'GET', 1, 'admin', 'A分部', '/api/v1/system/dict/data/getDictData?dictType=sys_oper_log_type&defaultValue=', '::1', '内网IP', '{"defaultValue":"","dictType":"sys_oper_log_type"}', '', '2024-03-06 08:16:31'),
	(251, '操作日志', 0, '/api/v1/system/operLog/list', 'GET', 1, 'admin', 'A分部', '/api/v1/system/operLog/list?pageNum=1&pageSize=10', '::1', '内网IP', '{"pageNum":"1","pageSize":"10"}', '', '2024-03-06 08:16:31'),
	(252, '角色管理', 0, '/api/v1/system/role/list', 'GET', 1, 'admin', 'A分部', '/api/v1/system/role/list?roleName=&roleStatus=&pageNum=1&pageSize=10', '::1', '内网IP', '{"pageNum":"1","pageSize":"10","roleName":"","roleStatus":""}', '', '2024-03-06 08:16:34'),
	(253, '部门管理', 0, '/api/v1/system/dept/list', 'GET', 1, 'admin', 'A分部', '/api/v1/system/dept/list?pageNum=1&pageSize=10&deptName=&status=', '::1', '内网IP', '{"deptName":"","pageNum":"1","pageSize":"10","status":""}', '', '2024-03-06 08:16:36'),
	(254, '岗位管理', 0, '/api/v1/system/post/list', 'GET', 1, 'admin', 'A分部', '/api/v1/system/post/list?postName=&status=&postCode=&pageNum=1&pageSize=10', '::1', '内网IP', '{"pageNum":"1","pageSize":"10","postCode":"","postName":"","status":""}', '', '2024-03-06 08:16:39'),
	(255, '', 0, '/api/v1/system/menu/getParams', 'GET', 1, 'admin', 'A分部', '/api/v1/system/menu/getParams', '::1', '内网IP', '{}', '', '2024-03-06 08:17:01'),
	(256, '', 0, '/api/v1/system/menu/get', 'GET', 1, 'admin', 'A分部', '/api/v1/system/menu/get?id=1', '::1', '内网IP', '{"id":"1"}', '', '2024-03-06 08:17:01'),
	(257, '修改菜单', 0, '/api/v1/system/menu/update', 'PUT', 1, 'admin', 'A分部', '/api/v1/system/menu/update', '::1', '内网IP', '{"component":"layout/routerView/parent","icon":"ele-Stamp","id":1,"isAffix":0,"isHide":"0","isIframe":0,"isKeepAlive":1,"isLink":0,"linkUrl":"","menuName":"岗位管理","menuSort":30,"menuType":"0","name":"api/v1/system/auth","path":"/system/auth","pid":0,"redirect":"0","roles":[1]}', '', '2024-03-06 08:17:15'),
	(258, '', 0, '/api/v1/system/user/getUserMenus', 'GET', 1, 'admin', 'A分部', '/api/v1/system/user/getUserMenus', '::1', '内网IP', '{}', '', '2024-03-06 08:17:15'),
	(259, '', 0, '/api/v1/system/menu/list', 'GET', 1, 'admin', 'A分部', '/api/v1/system/menu/list?title=&component=', '::1', '内网IP', '{"component":"","title":""}', '', '2024-03-06 08:17:15'),
	(260, '', 0, '/api/v1/system/menu/getParams', 'GET', 1, 'admin', 'A分部', '/api/v1/system/menu/getParams', '::1', '内网IP', '{}', '', '2024-03-06 08:17:23'),
	(261, '', 0, '/api/v1/system/menu/get', 'GET', 1, 'admin', 'A分部', '/api/v1/system/menu/get?id=10', '::1', '内网IP', '{"id":"10"}', '', '2024-03-06 08:17:23'),
	(262, '修改菜单', 0, '/api/v1/system/menu/update', 'PUT', 1, 'admin', 'A分部', '/api/v1/system/menu/update', '::1', '内网IP', '{"component":"system/role/index","icon":"iconfont icon-juxingkaobei","id":10,"isAffix":0,"isHide":"0","isIframe":0,"isKeepAlive":1,"isLink":0,"linkUrl":"","menuName":"角色管理","menuSort":0,"menuType":"1","name":"api/v1/system/role/list","path":"/system/auth/roleList","pid":22,"redirect":"","roles":[1]}', '', '2024-03-06 08:17:35'),
	(263, '', 0, '/api/v1/system/user/getUserMenus', 'GET', 1, 'admin', 'A分部', '/api/v1/system/user/getUserMenus', '::1', '内网IP', '{}', '', '2024-03-06 08:17:35'),
	(264, '', 0, '/api/v1/system/menu/list', 'GET', 1, 'admin', 'A分部', '/api/v1/system/menu/list?title=&component=', '::1', '内网IP', '{"component":"","title":""}', '', '2024-03-06 08:17:35'),
	(265, '', 0, '/api/v1/system/dict/data/getDictData', 'GET', 1, 'admin', 'A分部', '/api/v1/system/dict/data/getDictData?dictType=sys_show_hide&defaultValue=', '::1', '内网IP', '{"defaultValue":"","dictType":"sys_show_hide"}', '', '2024-03-06 08:17:38'),
	(266, '', 0, '/api/v1/system/menu/list', 'GET', 1, 'admin', 'A分部', '/api/v1/system/menu/list?title=&component=', '::1', '内网IP', '{"component":"","title":""}', '', '2024-03-06 08:17:38'),
	(267, '角色管理', 0, '/api/v1/system/role/list', 'GET', 1, 'admin', 'A分部', '/api/v1/system/role/list?roleName=&roleStatus=&pageNum=1&pageSize=10', '::1', '内网IP', '{"pageNum":"1","pageSize":"10","roleName":"","roleStatus":""}', '', '2024-03-06 08:17:46'),
	(268, '', 0, '/api/v1/system/dict/data/getDictData', 'GET', 1, 'admin', 'A分部', '/api/v1/system/dict/data/getDictData?dictType=sys_show_hide&defaultValue=', '::1', '内网IP', '{"defaultValue":"","dictType":"sys_show_hide"}', '', '2024-03-06 08:17:52'),
	(269, '', 0, '/api/v1/system/menu/list', 'GET', 1, 'admin', 'A分部', '/api/v1/system/menu/list?title=&component=', '::1', '内网IP', '{"component":"","title":""}', '', '2024-03-06 08:17:52'),
	(270, '', 0, '/api/v1/system/menu/getParams', 'GET', 1, 'admin', 'A分部', '/api/v1/system/menu/getParams', '::1', '内网IP', '{}', '', '2024-03-06 08:18:02'),
	(271, '', 0, '/api/v1/system/menu/get', 'GET', 1, 'admin', 'A分部', '/api/v1/system/menu/get?id=10', '::1', '内网IP', '{"id":"10"}', '', '2024-03-06 08:18:02'),
	(272, '修改菜单', 0, '/api/v1/system/menu/update', 'PUT', 1, 'admin', 'A分部', '/api/v1/system/menu/update', '::1', '内网IP', '{"component":"system/role/index","icon":"iconfont icon-juxingkaobei","id":10,"isAffix":0,"isHide":"0","isIframe":0,"isKeepAlive":1,"isLink":0,"linkUrl":"","menuName":"角色管理","menuSort":0,"menuType":"0","name":"api/v1/system/role/list","path":"/system/auth/roleList","pid":0,"redirect":"","roles":[1]}', '', '2024-03-06 08:18:06'),
	(273, '', 0, '/api/v1/system/user/getUserMenus', 'GET', 1, 'admin', 'A分部', '/api/v1/system/user/getUserMenus', '::1', '内网IP', '{}', '', '2024-03-06 08:18:06'),
	(274, '', 0, '/api/v1/system/menu/list', 'GET', 1, 'admin', 'A分部', '/api/v1/system/menu/list?title=&component=', '::1', '内网IP', '{"component":"","title":""}', '', '2024-03-06 08:18:06'),
	(275, '', 0, '/api/v1/system/dict/data/getDictData', 'GET', 1, 'admin', 'A分部', '/api/v1/system/dict/data/getDictData?dictType=sys_show_hide&defaultValue=', '::1', '内网IP', '{"defaultValue":"","dictType":"sys_show_hide"}', '', '2024-03-06 08:18:08'),
	(276, '', 0, '/api/v1/system/menu/list', 'GET', 1, 'admin', 'A分部', '/api/v1/system/menu/list?title=&component=', '::1', '内网IP', '{"component":"","title":""}', '', '2024-03-06 08:18:08'),
	(277, '角色管理', 0, '/api/v1/system/role/list', 'GET', 1, 'admin', 'A分部', '/api/v1/system/role/list?roleName=&roleStatus=&pageNum=1&pageSize=10', '::1', '内网IP', '{"pageNum":"1","pageSize":"10","roleName":"","roleStatus":""}', '', '2024-03-06 08:18:10'),
	(278, '部门管理', 0, '/api/v1/system/dept/list', 'GET', 1, 'admin', 'A分部', '/api/v1/system/dept/list?pageNum=1&pageSize=10&deptName=&status=', '::1', '内网IP', '{"deptName":"","pageNum":"1","pageSize":"10","status":""}', '', '2024-03-06 08:18:11'),
	(279, '岗位管理', 0, '/api/v1/system/post/list', 'GET', 1, 'admin', 'A分部', '/api/v1/system/post/list?postName=&status=&postCode=&pageNum=1&pageSize=10', '::1', '内网IP', '{"pageNum":"1","pageSize":"10","postCode":"","postName":"","status":""}', '', '2024-03-06 08:18:12'),
	(280, '', 0, '/api/v1/system/dict/data/getDictData', 'GET', 1, 'admin', 'A分部', '/api/v1/system/dict/data/getDictData?dictType=sys_show_hide&defaultValue=', '::1', '内网IP', '{"defaultValue":"","dictType":"sys_show_hide"}', '', '2024-03-06 08:18:20'),
	(281, '', 0, '/api/v1/system/menu/list', 'GET', 1, 'admin', 'A分部', '/api/v1/system/menu/list?title=&component=', '::1', '内网IP', '{"component":"","title":""}', '', '2024-03-06 08:18:20'),
	(282, '', 0, '/api/v1/system/menu/getParams', 'GET', 1, 'admin', 'A分部', '/api/v1/system/menu/getParams', '::1', '内网IP', '{}', '', '2024-03-06 08:18:22'),
	(283, '', 0, '/api/v1/system/menu/get', 'GET', 1, 'admin', 'A分部', '/api/v1/system/menu/get?id=1', '::1', '内网IP', '{"id":"1"}', '', '2024-03-06 08:18:22'),
	(284, '修改菜单', 0, '/api/v1/system/menu/update', 'PUT', 1, 'admin', 'A分部', '/api/v1/system/menu/update', '::1', '内网IP', '{"component":"layout/routerView/parent","icon":"ele-Stamp","id":1,"isAffix":0,"isHide":"0","isIframe":0,"isKeepAlive":1,"isLink":0,"linkUrl":"","menuName":"岗位管理11111","menuSort":30,"menuType":"0","name":"api/v1/system/auth","path":"/system/auth","pid":0,"redirect":"0","roles":[1]}', '', '2024-03-06 08:18:25'),
	(285, '', 0, '/api/v1/system/user/getUserMenus', 'GET', 1, 'admin', 'A分部', '/api/v1/system/user/getUserMenus', '::1', '内网IP', '{}', '', '2024-03-06 08:18:25'),
	(286, '', 0, '/api/v1/system/menu/list', 'GET', 1, 'admin', 'A分部', '/api/v1/system/menu/list?title=&component=', '::1', '内网IP', '{"component":"","title":""}', '', '2024-03-06 08:18:25'),
	(287, '', 0, '/api/v1/system/dict/data/getDictData', 'GET', 1, 'admin', 'A分部', '/api/v1/system/dict/data/getDictData?dictType=sys_show_hide&defaultValue=', '::1', '内网IP', '{"defaultValue":"","dictType":"sys_show_hide"}', '', '2024-03-06 08:18:27'),
	(288, '', 0, '/api/v1/system/menu/list', 'GET', 1, 'admin', 'A分部', '/api/v1/system/menu/list?title=&component=', '::1', '内网IP', '{"component":"","title":""}', '', '2024-03-06 08:18:27'),
	(289, '', 0, '/api/v1/system/menu/get', 'GET', 1, 'admin', 'A分部', '/api/v1/system/menu/get?id=22', '::1', '内网IP', '{"id":"22"}', '', '2024-03-06 08:18:36'),
	(290, '', 0, '/api/v1/system/menu/getParams', 'GET', 1, 'admin', 'A分部', '/api/v1/system/menu/getParams', '::1', '内网IP', '{}', '', '2024-03-06 08:18:36'),
	(291, '', 0, '/api/v1/system/menu/getParams', 'GET', 1, 'admin', 'A分部', '/api/v1/system/menu/getParams', '::1', '内网IP', '{}', '', '2024-03-06 08:18:44'),
	(292, '', 0, '/api/v1/system/menu/get', 'GET', 1, 'admin', 'A分部', '/api/v1/system/menu/get?id=10', '::1', '内网IP', '{"id":"10"}', '', '2024-03-06 08:18:44'),
	(293, '', 0, '/api/v1/system/menu/getParams', 'GET', 1, 'admin', 'A分部', '/api/v1/system/menu/getParams', '::1', '内网IP', '{}', '', '2024-03-06 08:18:47'),
	(294, '', 0, '/api/v1/system/menu/get', 'GET', 1, 'admin', 'A分部', '/api/v1/system/menu/get?id=22', '::1', '内网IP', '{"id":"22"}', '', '2024-03-06 08:18:47'),
	(295, '岗位管理', 0, '/api/v1/system/post/list', 'GET', 1, 'admin', 'A分部', '/api/v1/system/post/list?postName=&status=&postCode=&pageNum=1&pageSize=10', '::1', '内网IP', '{"pageNum":"1","pageSize":"10","postCode":"","postName":"","status":""}', '', '2024-03-06 08:18:50'),
	(296, '部门管理', 0, '/api/v1/system/dept/list', 'GET', 1, 'admin', 'A分部', '/api/v1/system/dept/list?pageNum=1&pageSize=10&deptName=&status=', '::1', '内网IP', '{"deptName":"","pageNum":"1","pageSize":"10","status":""}', '', '2024-03-06 08:18:51'),
	(297, '角色管理', 0, '/api/v1/system/role/list', 'GET', 1, 'admin', 'A分部', '/api/v1/system/role/list?roleName=&roleStatus=&pageNum=1&pageSize=10', '::1', '内网IP', '{"pageNum":"1","pageSize":"10","roleName":"","roleStatus":""}', '', '2024-03-06 08:18:52'),
	(298, '服务监控', 0, '/api/v1/system/monitor/server', 'GET', 1, 'admin', 'A分部', '/api/v1/system/monitor/server', '::1', '内网IP', '{}', '', '2024-03-06 08:18:57'),
	(299, '', 0, '/api/v1/system/dict/data/getDictData', 'GET', 1, 'admin', 'A分部', '/api/v1/system/dict/data/getDictData?dictType=admin_login_status&defaultValue=', '::1', '内网IP', '{"defaultValue":"","dictType":"admin_login_status"}', '', '2024-03-06 08:18:57'),
	(300, '登录日志', 0, '/api/v1/system/loginLog/list', 'GET', 1, 'admin', 'A分部', '/api/v1/system/loginLog/list?pageNum=1&pageSize=10&status=&ipaddr=&loginLocation=&userName=', '::1', '内网IP', '{"ipaddr":"","loginLocation":"","pageNum":"1","pageSize":"10","status":"","userName":""}', '', '2024-03-06 08:18:57'),
	(301, '', 0, '/api/v1/system/dict/data/getDictData', 'GET', 1, 'admin', 'A分部', '/api/v1/system/dict/data/getDictData?dictType=sys_show_hide&defaultValue=', '::1', '内网IP', '{"defaultValue":"","dictType":"sys_show_hide"}', '', '2024-03-06 08:19:01'),
	(302, '', 0, '/api/v1/system/menu/list', 'GET', 1, 'admin', 'A分部', '/api/v1/system/menu/list?title=&component=', '::1', '内网IP', '{"component":"","title":""}', '', '2024-03-06 08:19:01'),
	(303, '', 0, '/api/v1/system/menu/getParams', 'GET', 1, 'admin', 'A分部', '/api/v1/system/menu/getParams', '::1', '内网IP', '{}', '', '2024-03-06 08:19:18'),
	(304, '', 0, '/api/v1/system/menu/get', 'GET', 1, 'admin', 'A分部', '/api/v1/system/menu/get?id=22', '::1', '内网IP', '{"id":"22"}', '', '2024-03-06 08:19:18'),
	(305, '修改菜单', 0, '/api/v1/system/menu/update', 'PUT', 1, 'admin', 'A分部', '/api/v1/system/menu/update', '::1', '内网IP', '{"component":"system/post/index","icon":"iconfont icon-neiqianshujuchucun","id":22,"isAffix":0,"isHide":"0","isIframe":0,"isKeepAlive":1,"isLink":0,"linkUrl":"","menuName":"岗位管理","menuSort":0,"menuType":"1","name":"api/v1/system/post/list","path":"/system/auth/postList","pid":1,"redirect":"","roles":[1]}', '', '2024-03-06 08:19:25'),
	(306, '', 0, '/api/v1/system/user/getUserMenus', 'GET', 1, 'admin', 'A分部', '/api/v1/system/user/getUserMenus', '::1', '内网IP', '{}', '', '2024-03-06 08:19:25'),
	(307, '', 0, '/api/v1/system/menu/list', 'GET', 1, 'admin', 'A分部', '/api/v1/system/menu/list?title=&component=', '::1', '内网IP', '{"component":"","title":""}', '', '2024-03-06 08:19:25'),
	(308, '', 0, '/api/v1/system/menu/getParams', 'GET', 1, 'admin', 'A分部', '/api/v1/system/menu/getParams', '::1', '内网IP', '{}', '', '2024-03-06 08:19:29'),
	(309, '', 0, '/api/v1/system/menu/get', 'GET', 1, 'admin', 'A分部', '/api/v1/system/menu/get?id=10', '::1', '内网IP', '{"id":"10"}', '', '2024-03-06 08:19:29'),
	(310, '修改菜单', 0, '/api/v1/system/menu/update', 'PUT', 1, 'admin', 'A分部', '/api/v1/system/menu/update', '::1', '内网IP', '{"component":"system/role/index","icon":"iconfont icon-juxingkaobei","id":10,"isAffix":0,"isHide":"0","isIframe":0,"isKeepAlive":1,"isLink":0,"linkUrl":"","menuName":"角色管理","menuSort":0,"menuType":"1","name":"api/v1/system/role/list","path":"/system/auth/roleList","pid":1,"redirect":"","roles":[1]}', '', '2024-03-06 08:19:34'),
	(311, '', 0, '/api/v1/system/user/getUserMenus', 'GET', 1, 'admin', 'A分部', '/api/v1/system/user/getUserMenus', '::1', '内网IP', '{}', '', '2024-03-06 08:19:34'),
	(312, '', 0, '/api/v1/system/menu/list', 'GET', 1, 'admin', 'A分部', '/api/v1/system/menu/list?title=&component=', '::1', '内网IP', '{"component":"","title":""}', '', '2024-03-06 08:19:34'),
	(313, '', 0, '/api/v1/system/dict/data/getDictData', 'GET', 1, 'admin', 'A分部', '/api/v1/system/dict/data/getDictData?dictType=sys_show_hide&defaultValue=', '::1', '内网IP', '{"defaultValue":"","dictType":"sys_show_hide"}', '', '2024-03-06 08:19:36'),
	(314, '', 0, '/api/v1/system/menu/list', 'GET', 1, 'admin', 'A分部', '/api/v1/system/menu/list?title=&component=', '::1', '内网IP', '{"component":"","title":""}', '', '2024-03-06 08:19:36'),
	(315, '角色管理', 0, '/api/v1/system/role/list', 'GET', 1, 'admin', 'A分部', '/api/v1/system/role/list?roleName=&roleStatus=&pageNum=1&pageSize=10', '::1', '内网IP', '{"pageNum":"1","pageSize":"10","roleName":"","roleStatus":""}', '', '2024-03-06 08:19:38'),
	(316, '岗位管理', 0, '/api/v1/system/post/list', 'GET', 1, 'admin', 'A分部', '/api/v1/system/post/list?postName=&status=&postCode=&pageNum=1&pageSize=10', '::1', '内网IP', '{"pageNum":"1","pageSize":"10","postCode":"","postName":"","status":""}', '', '2024-03-06 08:19:40'),
	(317, '', 0, '/api/v1/system/dict/data/getDictData', 'GET', 1, 'admin', 'A分部', '/api/v1/system/dict/data/getDictData?dictType=sys_user_sex&defaultValue=', '::1', '内网IP', '{"defaultValue":"","dictType":"sys_user_sex"}', '', '2024-03-06 08:19:52'),
	(318, '', 0, '/api/v1/system/dept/treeSelect', 'GET', 1, 'admin', 'A分部', '/api/v1/system/dept/treeSelect', '::1', '内网IP', '{}', '', '2024-03-06 08:19:52'),
	(319, '', 0, '/api/v1/system/user/params', 'GET', 1, 'admin', 'A分部', '/api/v1/system/user/params', '::1', '内网IP', '{}', '', '2024-03-06 08:19:52'),
	(320, '人员管理', 0, '/api/v1/system/user/list', 'GET', 1, 'admin', 'A分部', '/api/v1/system/user/list?pageNum=1&pageSize=10&deptId=&mobile=&status=&keyWords=', '::1', '内网IP', '{"deptId":"","keyWords":"","mobile":"","pageNum":"1","pageSize":"10","status":""}', '', '2024-03-06 08:19:52'),
	(321, '', 0, '/api/v1/system/dict/data/getDictData', 'GET', 1, 'admin', 'A分部', '/api/v1/system/dict/data/getDictData?dictType=sys_show_hide&defaultValue=', '::1', '内网IP', '{"defaultValue":"","dictType":"sys_show_hide"}', '', '2024-03-06 08:20:03'),
	(322, '', 0, '/api/v1/system/menu/list', 'GET', 1, 'admin', 'A分部', '/api/v1/system/menu/list?title=&component=', '::1', '内网IP', '{"component":"","title":""}', '', '2024-03-06 08:20:03'),
	(323, '', 0, '/api/v1/system/menu/get', 'GET', 1, 'admin', 'A分部', '/api/v1/system/menu/get?id=1', '::1', '内网IP', '{"id":"1"}', '', '2024-03-06 08:20:10'),
	(324, '', 0, '/api/v1/system/menu/getParams', 'GET', 1, 'admin', 'A分部', '/api/v1/system/menu/getParams', '::1', '内网IP', '{}', '', '2024-03-06 08:20:10'),
	(325, '修改菜单', 0, '/api/v1/system/menu/update', 'PUT', 1, 'admin', 'A分部', '/api/v1/system/menu/update', '::1', '内网IP', '{"component":"layout/routerView/parent","icon":"ele-Stamp","id":1,"isAffix":0,"isHide":"0","isIframe":0,"isKeepAlive":1,"isLink":0,"linkUrl":"","menuName":"职务管理","menuSort":30,"menuType":"0","name":"api/v1/system/auth","path":"/system/auth","pid":0,"redirect":"0","roles":[1]}', '', '2024-03-06 08:20:32'),
	(326, '', 0, '/api/v1/system/menu/list', 'GET', 1, 'admin', 'A分部', '/api/v1/system/menu/list?title=&component=', '::1', '内网IP', '{"component":"","title":""}', '', '2024-03-06 08:20:32'),
	(327, '', 0, '/api/v1/system/user/getUserMenus', 'GET', 1, 'admin', 'A分部', '/api/v1/system/user/getUserMenus', '::1', '内网IP', '{}', '', '2024-03-06 08:20:32'),
	(328, '', 0, '/api/v1/system/dict/data/getDictData', 'GET', 1, 'admin', 'A分部', '/api/v1/system/dict/data/getDictData?dictType=sys_show_hide&defaultValue=', '::1', '内网IP', '{"defaultValue":"","dictType":"sys_show_hide"}', '', '2024-03-06 08:20:35'),
	(329, '', 0, '/api/v1/system/menu/list', 'GET', 1, 'admin', 'A分部', '/api/v1/system/menu/list?title=&component=', '::1', '内网IP', '{"component":"","title":""}', '', '2024-03-06 08:20:35'),
	(330, '在线用户', 0, '/api/v1/system/online/list', 'GET', 1, 'admin', 'A分部', '/api/v1/system/online/list?ipaddr=&userName=&pageNum=1&pageSize=10', '::1', '内网IP', '{"ipaddr":"","pageNum":"1","pageSize":"10","userName":""}', '', '2024-03-06 08:20:54'),
	(331, '', 0, '/api/v1/system/dict/data/getDictData', 'GET', 1, 'admin', 'A分部', '/api/v1/system/dict/data/getDictData?dictType=sys_oper_log_type&defaultValue=', '::1', '内网IP', '{"defaultValue":"","dictType":"sys_oper_log_type"}', '', '2024-03-06 08:20:57'),
	(332, '操作日志', 0, '/api/v1/system/operLog/list', 'GET', 1, 'admin', 'A分部', '/api/v1/system/operLog/list?pageNum=1&pageSize=10', '::1', '内网IP', '{"pageNum":"1","pageSize":"10"}', '', '2024-03-06 08:20:57'),
	(333, '', 0, '/api/v1/system/dict/data/getDictData', 'GET', 1, 'admin', 'A分部', '/api/v1/system/dict/data/getDictData?dictType=admin_login_status&defaultValue=', '::1', '内网IP', '{"defaultValue":"","dictType":"admin_login_status"}', '', '2024-03-06 08:21:00'),
	(334, '登录日志', 0, '/api/v1/system/loginLog/list', 'GET', 1, 'admin', 'A分部', '/api/v1/system/loginLog/list?pageNum=1&pageSize=10&status=&ipaddr=&loginLocation=&userName=', '::1', '内网IP', '{"ipaddr":"","loginLocation":"","pageNum":"1","pageSize":"10","status":"","userName":""}', '', '2024-03-06 08:21:00'),
	(335, '服务监控', 0, '/api/v1/system/monitor/server', 'GET', 1, 'admin', 'A分部', '/api/v1/system/monitor/server', '::1', '内网IP', '{}', '', '2024-03-06 08:21:02'),
	(336, '部门管理', 0, '/api/v1/system/dept/list', 'GET', 1, 'admin', 'A分部', '/api/v1/system/dept/list?pageNum=1&pageSize=10&deptName=&status=', '::1', '内网IP', '{"deptName":"","pageNum":"1","pageSize":"10","status":""}', '', '2024-03-06 08:21:08'),
	(337, '', 0, '/api/v1/system/dict/data/getDictData', 'GET', 1, 'admin', 'A分部', '/api/v1/system/dict/data/getDictData?dictType=sys_user_sex&defaultValue=', '::1', '内网IP', '{"defaultValue":"","dictType":"sys_user_sex"}', '', '2024-03-06 08:21:09'),
	(338, '', 0, '/api/v1/system/dept/treeSelect', 'GET', 1, 'admin', 'A分部', '/api/v1/system/dept/treeSelect', '::1', '内网IP', '{}', '', '2024-03-06 08:21:09'),
	(339, '', 0, '/api/v1/system/user/params', 'GET', 1, 'admin', 'A分部', '/api/v1/system/user/params', '::1', '内网IP', '{}', '', '2024-03-06 08:21:09'),
	(340, '人员管理', 0, '/api/v1/system/user/list', 'GET', 1, 'admin', 'A分部', '/api/v1/system/user/list?pageNum=1&pageSize=10&deptId=&mobile=&status=&keyWords=', '::1', '内网IP', '{"deptId":"","keyWords":"","mobile":"","pageNum":"1","pageSize":"10","status":""}', '', '2024-03-06 08:21:09'),
	(341, '', 0, '/api/v1/system/dict/data/getDictData', 'GET', 1, 'admin', 'A分部', '/api/v1/system/dict/data/getDictData?dictType=sys_show_hide&defaultValue=', '::1', '内网IP', '{"defaultValue":"","dictType":"sys_show_hide"}', '', '2024-03-06 08:21:13'),
	(342, '', 0, '/api/v1/system/menu/list', 'GET', 1, 'admin', 'A分部', '/api/v1/system/menu/list?title=&component=', '::1', '内网IP', '{"component":"","title":""}', '', '2024-03-06 08:21:13'),
	(343, '角色管理', 0, '/api/v1/system/role/list', 'GET', 1, 'admin', 'A分部', '/api/v1/system/role/list?roleName=&roleStatus=&pageNum=1&pageSize=10', '::1', '内网IP', '{"pageNum":"1","pageSize":"10","roleName":"","roleStatus":""}', '', '2024-03-06 08:21:26'),
	(344, '', 0, '/api/v1/system/menu/getParams', 'GET', 1, 'admin', 'A分部', '/api/v1/system/menu/getParams', '::1', '内网IP', '{}', '', '2024-03-06 08:23:31'),
	(345, '', 0, '/api/v1/system/menu/get', 'GET', 1, 'admin', 'A分部', '/api/v1/system/menu/get?id=28', '::1', '内网IP', '{"id":"28"}', '', '2024-03-06 08:23:31'),
	(346, '部门管理', 0, '/api/v1/system/dept/list', 'GET', 1, 'admin', 'A分部', '/api/v1/system/dept/list?pageNum=1&pageSize=10&deptName=&status=', '::1', '内网IP', '{"deptName":"","pageNum":"1","pageSize":"10","status":""}', '', '2024-03-06 08:26:58'),
	(347, '部门管理', 0, '/api/v1/system/dept/list', 'GET', 1, 'admin', 'A分部', '/api/v1/system/dept/list', '::1', '内网IP', '{}', '', '2024-03-06 08:27:12'),
	(348, '部门管理', 0, '/api/v1/system/dept/list', 'GET', 1, 'admin', 'A分部', '/api/v1/system/dept/list', '::1', '内网IP', '{}', '', '2024-03-06 08:29:04'),
	(349, '修改部门', 0, '/api/v1/system/dept/edit', 'PUT', 1, 'admin', 'A分部', '/api/v1/system/dept/edit', '::1', '内网IP', '{"ancestors":"0,100,102","createdAt":"2021-07-13 15:56:52","createdBy":0,"deletedAt":null,"deptId":109,"deptName":"人事部门","email":"ry@qq.com","leader":"","orderNum":2,"parentId":102,"phone":"15888888888","status":1,"updatedAt":"2021-07-13 15:56:52","updatedBy":0}', '', '2024-03-06 08:29:12'),
	(350, '部门管理', 0, '/api/v1/system/dept/list', 'GET', 1, 'admin', 'A分部', '/api/v1/system/dept/list?pageNum=1&pageSize=10&deptName=&status=', '::1', '内网IP', '{"deptName":"","pageNum":"1","pageSize":"10","status":""}', '', '2024-03-06 08:29:12'),
	(351, '部门管理', 0, '/api/v1/system/dept/list', 'GET', 1, 'admin', 'A分部', '/api/v1/system/dept/list?pageNum=1&pageSize=10&deptName=&status=', '::1', '内网IP', '{"deptName":"","pageNum":"1","pageSize":"10","status":""}', '', '2024-03-06 08:29:59'),
	(352, '', 0, '/api/v1/system/dict/data/getDictData', 'GET', 1, 'admin', 'A分部', '/api/v1/system/dict/data/getDictData?dictType=sys_user_sex&defaultValue=', '::1', '内网IP', '{"defaultValue":"","dictType":"sys_user_sex"}', '', '2024-03-06 08:30:10'),
	(353, '', 0, '/api/v1/system/dept/treeSelect', 'GET', 1, 'admin', 'A分部', '/api/v1/system/dept/treeSelect', '::1', '内网IP', '{}', '', '2024-03-06 08:30:10'),
	(354, '', 0, '/api/v1/system/user/params', 'GET', 1, 'admin', 'A分部', '/api/v1/system/user/params', '::1', '内网IP', '{}', '', '2024-03-06 08:30:10'),
	(355, '人员管理', 0, '/api/v1/system/user/list', 'GET', 1, 'admin', 'A分部', '/api/v1/system/user/list?pageNum=1&pageSize=10&deptId=&mobile=&status=&keyWords=', '::1', '内网IP', '{"deptId":"","keyWords":"","mobile":"","pageNum":"1","pageSize":"10","status":""}', '', '2024-03-06 08:30:10'),
	(356, '人员管理', 0, '/api/v1/system/user/list', 'GET', 1, 'admin', 'A分部', '/api/v1/system/user/list?pageNum=1&pageSize=10&deptId=103&mobile=&status=&keyWords=', '::1', '内网IP', '{"deptId":"103","keyWords":"","mobile":"","pageNum":"1","pageSize":"10","status":""}', '', '2024-03-06 08:30:11'),
	(357, '人员管理', 0, '/api/v1/system/user/list', 'GET', 1, 'admin', 'A分部', '/api/v1/system/user/list?pageNum=1&pageSize=10&deptId=104&mobile=&status=&keyWords=', '::1', '内网IP', '{"deptId":"104","keyWords":"","mobile":"","pageNum":"1","pageSize":"10","status":""}', '', '2024-03-06 08:30:12'),
	(358, '人员管理', 0, '/api/v1/system/user/list', 'GET', 1, 'admin', 'A分部', '/api/v1/system/user/list?pageNum=1&pageSize=10&deptId=105&mobile=&status=&keyWords=', '::1', '内网IP', '{"deptId":"105","keyWords":"","mobile":"","pageNum":"1","pageSize":"10","status":""}', '', '2024-03-06 08:30:12'),
	(359, '人员管理', 0, '/api/v1/system/user/list', 'GET', 1, 'admin', 'A分部', '/api/v1/system/user/list?pageNum=1&pageSize=10&deptId=105&mobile=&status=&keyWords=', '::1', '内网IP', '{"deptId":"105","keyWords":"","mobile":"","pageNum":"1","pageSize":"10","status":""}', '', '2024-03-06 08:30:12'),
	(360, '人员管理', 0, '/api/v1/system/user/list', 'GET', 1, 'admin', 'A分部', '/api/v1/system/user/list?pageNum=1&pageSize=10&deptId=106&mobile=&status=&keyWords=', '::1', '内网IP', '{"deptId":"106","keyWords":"","mobile":"","pageNum":"1","pageSize":"10","status":""}', '', '2024-03-06 08:30:12'),
	(361, '人员管理', 0, '/api/v1/system/user/list', 'GET', 1, 'admin', 'A分部', '/api/v1/system/user/list?pageNum=1&pageSize=10&deptId=107&mobile=&status=&keyWords=', '::1', '内网IP', '{"deptId":"107","keyWords":"","mobile":"","pageNum":"1","pageSize":"10","status":""}', '', '2024-03-06 08:30:13'),
	(362, '人员管理', 0, '/api/v1/system/user/list', 'GET', 1, 'admin', 'A分部', '/api/v1/system/user/list?pageNum=1&pageSize=10&deptId=108&mobile=&status=&keyWords=', '::1', '内网IP', '{"deptId":"108","keyWords":"","mobile":"","pageNum":"1","pageSize":"10","status":""}', '', '2024-03-06 08:30:13'),
	(363, '人员管理', 0, '/api/v1/system/user/list', 'GET', 1, 'admin', 'A分部', '/api/v1/system/user/list?pageNum=1&pageSize=10&deptId=109&mobile=&status=&keyWords=', '::1', '内网IP', '{"deptId":"109","keyWords":"","mobile":"","pageNum":"1","pageSize":"10","status":""}', '', '2024-03-06 08:30:14'),
	(364, '', 0, '/api/v1/system/dict/data/getDictData', 'GET', 1, 'admin', 'A分部', '/api/v1/system/dict/data/getDictData?dictType=sys_show_hide&defaultValue=', '::1', '内网IP', '{"defaultValue":"","dictType":"sys_show_hide"}', '', '2024-03-06 08:30:15'),
	(365, '', 0, '/api/v1/system/menu/list', 'GET', 1, 'admin', 'A分部', '/api/v1/system/menu/list?title=&component=', '::1', '内网IP', '{"component":"","title":""}', '', '2024-03-06 08:30:15'),
	(366, '', 0, '/api/v1/system/dict/data/getDictData', 'GET', 1, 'admin', 'A分部', '/api/v1/system/dict/data/getDictData?dictType=sys_show_hide&defaultValue=', '::1', '内网IP', '{"defaultValue":"","dictType":"sys_show_hide"}', '', '2024-03-06 08:30:58'),
	(367, '', 0, '/api/v1/system/menu/list', 'GET', 1, 'admin', 'A分部', '/api/v1/system/menu/list?title=&component=', '::1', '内网IP', '{"component":"","title":""}', '', '2024-03-06 08:30:58'),
	(368, '', 0, '/api/v1/system/menu/getParams', 'GET', 1, 'admin', 'A分部', '/api/v1/system/menu/getParams', '::1', '内网IP', '{}', '', '2024-03-06 08:31:10'),
	(369, '', 0, '/api/v1/system/menu/get', 'GET', 1, 'admin', 'A分部', '/api/v1/system/menu/get?id=16', '::1', '内网IP', '{"id":"16"}', '', '2024-03-06 08:31:10'),
	(370, '删除菜单', 0, '/api/v1/system/menu/delete', 'DELETE', 1, 'admin', 'A分部', '/api/v1/system/menu/delete', '::1', '内网IP', '{"ids":[17]}', '', '2024-03-06 08:45:33'),
	(371, '', 0, '/api/v1/system/user/getUserMenus', 'GET', 1, 'admin', 'A分部', '/api/v1/system/user/getUserMenus', '::1', '内网IP', '{}', '', '2024-03-06 08:45:33'),
	(372, '', 0, '/api/v1/system/menu/list', 'GET', 1, 'admin', 'A分部', '/api/v1/system/menu/list?title=&component=', '::1', '内网IP', '{"component":"","title":""}', '', '2024-03-06 08:45:33'),
	(373, '', 0, '/api/v1/system/menu/get', 'GET', 1, 'admin', 'A分部', '/api/v1/system/menu/get?id=33', '::1', '内网IP', '{"id":"33"}', '', '2024-03-06 08:45:55'),
	(374, '', 0, '/api/v1/system/menu/getParams', 'GET', 1, 'admin', 'A分部', '/api/v1/system/menu/getParams', '::1', '内网IP', '{}', '', '2024-03-06 08:45:55'),
	(375, '', 0, '/api/v1/system/menu/getParams', 'GET', 1, 'admin', 'A分部', '/api/v1/system/menu/getParams', '::1', '内网IP', '{}', '', '2024-03-06 08:46:02'),
	(376, '', 0, '/api/v1/system/menu/get', 'GET', 1, 'admin', 'A分部', '/api/v1/system/menu/get?id=35', '::1', '内网IP', '{"id":"35"}', '', '2024-03-06 08:46:02'),
	(377, '修改菜单', 0, '/api/v1/system/menu/update', 'PUT', 1, 'admin', 'A分部', '/api/v1/system/menu/update', '::1', '内网IP', '{"component":"layout/routerView/parent","icon":"iconfont icon-zujian","id":35,"isAffix":0,"isHide":"0","isIframe":0,"isKeepAlive":1,"isLink":0,"linkUrl":"","menuName":"系统工具","menuSort":25,"menuType":"0","name":"api/v1/system/tools","path":"/system/tools","pid":0,"redirect":"","roles":[1]}', '', '2024-03-06 08:46:04'),
	(378, '', 0, '/api/v1/system/user/getUserMenus', 'GET', 1, 'admin', 'A分部', '/api/v1/system/user/getUserMenus', '::1', '内网IP', '{}', '', '2024-03-06 08:46:04'),
	(379, '', 0, '/api/v1/system/menu/list', 'GET', 1, 'admin', 'A分部', '/api/v1/system/menu/list?title=&component=', '::1', '内网IP', '{"component":"","title":""}', '', '2024-03-06 08:46:04'),
	(380, '', 0, '/api/v1/system/dict/data/getDictData', 'GET', 1, 'admin', 'A分部', '/api/v1/system/dict/data/getDictData?dictType=sys_show_hide&defaultValue=', '::1', '内网IP', '{"defaultValue":"","dictType":"sys_show_hide"}', '', '2024-03-06 08:46:06'),
	(381, '', 0, '/api/v1/system/menu/list', 'GET', 1, 'admin', 'A分部', '/api/v1/system/menu/list?title=&component=', '::1', '内网IP', '{"component":"","title":""}', '', '2024-03-06 08:46:06'),
	(382, '', 0, '/api/v1/system/dict/data/getDictData', 'GET', 1, 'admin', 'A分部', '/api/v1/system/dict/data/getDictData?dictType=sys_show_hide&defaultValue=', '::1', '内网IP', '{"defaultValue":"","dictType":"sys_show_hide"}', '', '2024-03-06 08:46:23'),
	(383, '', 0, '/api/v1/system/menu/list', 'GET', 1, 'admin', 'A分部', '/api/v1/system/menu/list?title=&component=', '::1', '内网IP', '{"component":"","title":""}', '', '2024-03-06 08:46:23'),
	(384, '', 0, '/api/v1/system/menu/getParams', 'GET', 1, 'admin', 'A分部', '/api/v1/system/menu/getParams', '::1', '内网IP', '{}', '', '2024-03-06 08:46:37'),
	(385, '', 0, '/api/v1/system/menu/get', 'GET', 1, 'admin', 'A分部', '/api/v1/system/menu/get?id=35', '::1', '内网IP', '{"id":"35"}', '', '2024-03-06 08:46:37'),
	(386, '修改菜单', 0, '/api/v1/system/menu/update', 'PUT', 1, 'admin', 'A分部', '/api/v1/system/menu/update', '::1', '内网IP', '{"component":"layout/routerView/parent","icon":"iconfont icon-zujian","id":35,"isAffix":0,"isHide":"0","isIframe":0,"isKeepAlive":1,"isLink":0,"linkUrl":"","menuName":"api文档","menuSort":25,"menuType":"0","name":"api/v1/system/tools","path":"/system/tools","pid":0,"redirect":"","roles":[1]}', '', '2024-03-06 08:46:50'),
	(387, '', 0, '/api/v1/system/user/getUserMenus', 'GET', 1, 'admin', 'A分部', '/api/v1/system/user/getUserMenus', '::1', '内网IP', '{}', '', '2024-03-06 08:46:50'),
	(388, '', 0, '/api/v1/system/menu/list', 'GET', 1, 'admin', 'A分部', '/api/v1/system/menu/list?title=&component=', '::1', '内网IP', '{"component":"","title":""}', '', '2024-03-06 08:46:50'),
	(389, '', 0, '/api/v1/system/dict/data/getDictData', 'GET', 1, 'admin', 'A分部', '/api/v1/system/dict/data/getDictData?dictType=sys_show_hide&defaultValue=', '::1', '内网IP', '{"defaultValue":"","dictType":"sys_show_hide"}', '', '2024-03-06 08:46:53'),
	(390, '', 0, '/api/v1/system/menu/list', 'GET', 1, 'admin', 'A分部', '/api/v1/system/menu/list?title=&component=', '::1', '内网IP', '{"component":"","title":""}', '', '2024-03-06 08:46:53'),
	(391, '', 0, '/api/v1/system/menu/getParams', 'GET', 1, 'admin', 'A分部', '/api/v1/system/menu/getParams', '::1', '内网IP', '{}', '', '2024-03-06 08:59:09'),
	(392, '', 0, '/api/v1/system/menu/get', 'GET', 1, 'admin', 'A分部', '/api/v1/system/menu/get?id=27', '::1', '内网IP', '{"id":"27"}', '', '2024-03-06 08:59:09'),
	(393, '修改菜单', 0, '/api/v1/system/menu/update', 'PUT', 1, 'admin', 'A分部', '/api/v1/system/menu/update', '::1', '内网IP', '{"component":"layout/routerView/parent","icon":"iconfont icon-shuxingtu","id":27,"isAffix":0,"isHide":"0","isIframe":0,"isKeepAlive":1,"isLink":0,"linkUrl":"","menuName":"系统配置","menuSort":40,"menuType":"0","name":"api/v1/system/dict","path":"/system/dict","pid":0,"redirect":"654","roles":[1]}', '', '2024-03-06 08:59:14'),
	(394, '', 0, '/api/v1/system/user/getUserMenus', 'GET', 1, 'admin', 'A分部', '/api/v1/system/user/getUserMenus', '::1', '内网IP', '{}', '', '2024-03-06 08:59:14'),
	(395, '', 0, '/api/v1/system/menu/list', 'GET', 1, 'admin', 'A分部', '/api/v1/system/menu/list?title=&component=', '::1', '内网IP', '{"component":"","title":""}', '', '2024-03-06 08:59:14'),
	(396, '', 0, '/api/v1/system/dict/data/getDictData', 'GET', 1, 'admin', 'A分部', '/api/v1/system/dict/data/getDictData?dictType=sys_show_hide&defaultValue=', '::1', '内网IP', '{"defaultValue":"","dictType":"sys_show_hide"}', '', '2024-03-06 08:59:29'),
	(397, '', 0, '/api/v1/system/menu/list', 'GET', 1, 'admin', 'A分部', '/api/v1/system/menu/list?title=&component=', '::1', '内网IP', '{"component":"","title":""}', '', '2024-03-06 08:59:29'),
	(398, '部门管理', 0, '/api/v1/system/dept/list', 'GET', 1, 'admin', 'A分部', '/api/v1/system/dept/list?pageNum=1&pageSize=10&deptName=&status=', '::1', '内网IP', '{"deptName":"","pageNum":"1","pageSize":"10","status":""}', '', '2024-03-06 08:59:32'),
	(399, '字典管理', 0, '/api/v1/system/dict/type/list', 'GET', 1, 'admin', 'A分部', '/api/v1/system/dict/type/list?pageNum=1&pageSize=10&dictName=&dictType=&status=', '::1', '内网IP', '{"dictName":"","dictType":"","pageNum":"1","pageSize":"10","status":""}', '', '2024-03-06 08:59:34'),
	(400, '', 0, '/api/v1/system/dict/data/list', 'GET', 1, 'admin', 'A分部', '/api/v1/system/dict/data/list?pageNum=1&pageSize=10&dictLabel=&dictType=%3AdictType&status=', '::1', '内网IP', '{"dictLabel":"","dictType":":dictType","pageNum":"1","pageSize":"10","status":""}', '', '2024-03-06 08:59:35'),
	(401, '', 0, '/api/v1/system/dict/data/getDictData', 'GET', 1, 'admin', 'A分部', '/api/v1/system/dict/data/getDictData?dictType=sys_yes_no&defaultValue=', '::1', '内网IP', '{"defaultValue":"","dictType":"sys_yes_no"}', '', '2024-03-06 08:59:37'),
	(402, '参数管理', 0, '/api/v1/system/config/list', 'GET', 1, 'admin', 'A分部', '/api/v1/system/config/list?pageNum=1&pageSize=10&configName=&configKey=&configType=', '::1', '内网IP', '{"configKey":"","configName":"","configType":"","pageNum":"1","pageSize":"10"}', '', '2024-03-06 08:59:37'),
	(403, '', 0, '/api/v1/system/menu/list', 'GET', 1, 'ADMIN', 'A分部', '/api/v1/system/menu/list?title=&component=', '::1', '内网IP', '{"component":"","title":""}', '', '2024-03-08 01:36:28'),
	(404, '', 0, '/api/v1/system/dict/data/getDictData', 'GET', 1, 'ADMIN', 'A分部', '/api/v1/system/dict/data/getDictData?dictType=sys_show_hide&defaultValue=', '::1', '内网IP', '{"defaultValue":"","dictType":"sys_show_hide"}', '', '2024-03-08 01:36:28'),
	(405, '', 0, '/api/v1/system/menu/getParams', 'GET', 1, 'ADMIN', 'A分部', '/api/v1/system/menu/getParams', '::1', '内网IP', '{}', '', '2024-03-08 01:36:30'),
	(406, '', 0, '/api/v1/system/menu/get', 'GET', 1, 'ADMIN', 'A分部', '/api/v1/system/menu/get?id=27', '::1', '内网IP', '{"id":"27"}', '', '2024-03-08 01:36:30'),
	(407, '', 0, '/api/v1/system/menu/getParams', 'GET', 1, 'ADMIN', 'A分部', '/api/v1/system/menu/getParams', '::1', '内网IP', '{}', '', '2024-03-08 01:36:34'),
	(408, '', 0, '/api/v1/system/menu/get', 'GET', 1, 'ADMIN', 'A分部', '/api/v1/system/menu/get?id=27', '::1', '内网IP', '{"id":"27"}', '', '2024-03-08 01:36:34'),
	(409, '修改菜单', 0, '/api/v1/system/menu/update', 'PUT', 1, 'ADMIN', 'A分部', '/api/v1/system/menu/update', '::1', '内网IP', '{"component":"layout/routerView/parent","icon":"iconfont icon-shuxingtu","id":27,"isAffix":0,"isHide":"1","isIframe":0,"isKeepAlive":1,"isLink":0,"linkUrl":"","menuName":"系统配置","menuSort":40,"menuType":"0","name":"api/v1/system/dict","path":"/system/dict","pid":0,"redirect":"654","roles":[1]}', '', '2024-03-08 01:36:36'),
	(410, '', 0, '/api/v1/system/user/getUserMenus', 'GET', 1, 'ADMIN', 'A分部', '/api/v1/system/user/getUserMenus', '::1', '内网IP', '{}', '', '2024-03-08 01:36:36'),
	(411, '', 0, '/api/v1/system/menu/list', 'GET', 1, 'ADMIN', 'A分部', '/api/v1/system/menu/list?title=&component=', '::1', '内网IP', '{"component":"","title":""}', '', '2024-03-08 01:36:36'),
	(412, '', 0, '/api/v1/system/dict/data/getDictData', 'GET', 1, 'ADMIN', 'A分部', '/api/v1/system/dict/data/getDictData?dictType=sys_show_hide&defaultValue=', '::1', '内网IP', '{"defaultValue":"","dictType":"sys_show_hide"}', '', '2024-03-08 01:36:38'),
	(413, '', 0, '/api/v1/system/menu/list', 'GET', 1, 'ADMIN', 'A分部', '/api/v1/system/menu/list?title=&component=', '::1', '内网IP', '{"component":"","title":""}', '', '2024-03-08 01:36:38'),
	(414, '', 0, '/api/v1/system/menu/getParams', 'GET', 1, 'ADMIN', 'A分部', '/api/v1/system/menu/getParams', '::1', '内网IP', '{}', '', '2024-03-08 01:38:09'),
	(415, '', 0, '/api/v1/system/menu/get', 'GET', 1, 'ADMIN', 'A分部', '/api/v1/system/menu/get?id=35', '::1', '内网IP', '{"id":"35"}', '', '2024-03-08 01:38:09'),
	(416, '修改菜单', 0, '/api/v1/system/menu/update', 'PUT', 1, 'ADMIN', 'A分部', '/api/v1/system/menu/update', '::1', '内网IP', '{"component":"layout/routerView/parent","icon":"iconfont icon-zujian","id":35,"isAffix":0,"isHide":"1","isIframe":0,"isKeepAlive":1,"isLink":0,"linkUrl":"","menuName":"api文档","menuSort":25,"menuType":"0","name":"api/v1/system/tools","path":"/system/tools","pid":0,"redirect":"","roles":[1]}', '', '2024-03-08 01:38:11'),
	(417, '', 0, '/api/v1/system/user/getUserMenus', 'GET', 1, 'ADMIN', 'A分部', '/api/v1/system/user/getUserMenus', '::1', '内网IP', '{}', '', '2024-03-08 01:38:11'),
	(418, '', 0, '/api/v1/system/menu/list', 'GET', 1, 'ADMIN', 'A分部', '/api/v1/system/menu/list?title=&component=', '::1', '内网IP', '{"component":"","title":""}', '', '2024-03-08 01:38:11'),
	(419, '', 0, '/api/v1/system/dict/data/getDictData', 'GET', 1, 'ADMIN', 'A分部', '/api/v1/system/dict/data/getDictData?dictType=sys_show_hide&defaultValue=', '::1', '内网IP', '{"defaultValue":"","dictType":"sys_show_hide"}', '', '2024-03-08 01:38:14'),
	(420, '', 0, '/api/v1/system/menu/list', 'GET', 1, 'ADMIN', 'A分部', '/api/v1/system/menu/list?title=&component=', '::1', '内网IP', '{"component":"","title":""}', '', '2024-03-08 01:38:14'),
	(421, '', 0, '/api/v1/system/menu/getParams', 'GET', 1, 'ADMIN', 'A分部', '/api/v1/system/menu/getParams', '::1', '内网IP', '{}', '', '2024-03-08 01:38:20'),
	(422, '', 0, '/api/v1/system/menu/get', 'GET', 1, 'ADMIN', 'A分部', '/api/v1/system/menu/get?id=2', '::1', '内网IP', '{"id":"2"}', '', '2024-03-08 01:38:20'),
	(423, '修改菜单', 0, '/api/v1/system/menu/update', 'PUT', 1, 'ADMIN', 'A分部', '/api/v1/system/menu/update', '::1', '内网IP', '{"component":"system/menu/index","icon":"ele-Calendar","id":2,"isAffix":0,"isHide":"0","isIframe":0,"isKeepAlive":1,"isLink":0,"linkUrl":"","menuName":"系统管理","menuSort":100,"menuType":"0","name":"api/v1/system/auth/menuList","path":"/system/auth/menuList","pid":0,"redirect":"","roles":[1]}', '', '2024-03-08 01:38:25'),
	(424, '', 0, '/api/v1/system/user/getUserMenus', 'GET', 1, 'ADMIN', 'A分部', '/api/v1/system/user/getUserMenus', '::1', '内网IP', '{}', '', '2024-03-08 01:38:25'),
	(425, '', 0, '/api/v1/system/menu/list', 'GET', 1, 'ADMIN', 'A分部', '/api/v1/system/menu/list?title=&component=', '::1', '内网IP', '{"component":"","title":""}', '', '2024-03-08 01:38:25'),
	(426, '', 0, '/api/v1/system/dict/data/getDictData', 'GET', 1, 'ADMIN', 'A分部', '/api/v1/system/dict/data/getDictData?dictType=sys_show_hide&defaultValue=', '::1', '内网IP', '{"defaultValue":"","dictType":"sys_show_hide"}', '', '2024-03-08 01:38:27'),
	(427, '', 0, '/api/v1/system/menu/list', 'GET', 1, 'ADMIN', 'A分部', '/api/v1/system/menu/list?title=&component=', '::1', '内网IP', '{"component":"","title":""}', '', '2024-03-08 01:38:27'),
	(428, '', 0, '/api/v1/system/menu/getParams', 'GET', 1, 'ADMIN', 'A分部', '/api/v1/system/menu/getParams', '::1', '内网IP', '{}', '', '2024-03-08 01:38:35'),
	(429, '', 0, '/api/v1/system/menu/get', 'GET', 1, 'ADMIN', 'A分部', '/api/v1/system/menu/get?id=15', '::1', '内网IP', '{"id":"15"}', '', '2024-03-08 01:38:35'),
	(430, '修改菜单', 0, '/api/v1/system/menu/update', 'PUT', 1, 'ADMIN', 'A分部', '/api/v1/system/menu/update', '::1', '内网IP', '{"component":"system/dept/index","icon":"iconfont icon-siweidaotu","id":15,"isAffix":0,"isHide":"0","isIframe":0,"isKeepAlive":1,"isLink":0,"linkUrl":"","menuName":"部门管理","menuSort":99,"menuType":"0","name":"api/v1/system/dept/list","path":"/system/auth/deptList","pid":0,"redirect":"","roles":[1]}', '', '2024-03-08 01:38:40'),
	(431, '', 0, '/api/v1/system/user/getUserMenus', 'GET', 1, 'ADMIN', 'A分部', '/api/v1/system/user/getUserMenus', '::1', '内网IP', '{}', '', '2024-03-08 01:38:40'),
	(432, '', 0, '/api/v1/system/menu/list', 'GET', 1, 'ADMIN', 'A分部', '/api/v1/system/menu/list?title=&component=', '::1', '内网IP', '{"component":"","title":""}', '', '2024-03-08 01:38:40'),
	(433, '', 0, '/api/v1/system/dict/data/getDictData', 'GET', 1, 'ADMIN', 'A分部', '/api/v1/system/dict/data/getDictData?dictType=sys_show_hide&defaultValue=', '::1', '内网IP', '{"defaultValue":"","dictType":"sys_show_hide"}', '', '2024-03-08 01:38:43'),
	(434, '', 0, '/api/v1/system/menu/list', 'GET', 1, 'ADMIN', 'A分部', '/api/v1/system/menu/list?title=&component=', '::1', '内网IP', '{"component":"","title":""}', '', '2024-03-08 01:38:44'),
	(435, '', 0, '/api/v1/system/menu/getParams', 'GET', 1, 'ADMIN', 'A分部', '/api/v1/system/menu/getParams', '::1', '内网IP', '{}', '', '2024-03-08 01:38:50'),
	(436, '', 0, '/api/v1/system/menu/get', 'GET', 1, 'ADMIN', 'A分部', '/api/v1/system/menu/get?id=26', '::1', '内网IP', '{"id":"26"}', '', '2024-03-08 01:38:50'),
	(437, '修改菜单', 0, '/api/v1/system/menu/update', 'PUT', 1, 'ADMIN', 'A分部', '/api/v1/system/menu/update', '::1', '内网IP', '{"component":"system/user/index","icon":"ele-User","id":26,"isAffix":0,"isHide":"0","isIframe":0,"isKeepAlive":1,"isLink":0,"linkUrl":"","menuName":"人员管理","menuSort":98,"menuType":"0","name":"api/v1/system/user/list","path":"/system/auth/user/list","pid":0,"redirect":"","roles":[1]}', '', '2024-03-08 01:38:53'),
	(438, '', 0, '/api/v1/system/user/getUserMenus', 'GET', 1, 'ADMIN', 'A分部', '/api/v1/system/user/getUserMenus', '::1', '内网IP', '{}', '', '2024-03-08 01:38:53'),
	(439, '', 0, '/api/v1/system/menu/list', 'GET', 1, 'ADMIN', 'A分部', '/api/v1/system/menu/list?title=&component=', '::1', '内网IP', '{"component":"","title":""}', '', '2024-03-08 01:38:53'),
	(440, '', 0, '/api/v1/system/menu/getParams', 'GET', 1, 'ADMIN', 'A分部', '/api/v1/system/menu/getParams', '::1', '内网IP', '{}', '', '2024-03-08 01:38:55'),
	(441, '', 0, '/api/v1/system/menu/get', 'GET', 1, 'ADMIN', 'A分部', '/api/v1/system/menu/get?id=2', '::1', '内网IP', '{"id":"2"}', '', '2024-03-08 01:38:55'),
	(442, '修改菜单', 0, '/api/v1/system/menu/update', 'PUT', 1, 'ADMIN', 'A分部', '/api/v1/system/menu/update', '::1', '内网IP', '{"component":"system/menu/index","icon":"ele-Calendar","id":2,"isAffix":0,"isHide":"0","isIframe":0,"isKeepAlive":1,"isLink":0,"linkUrl":"","menuName":"系统管理","menuSort":1,"menuType":"0","name":"api/v1/system/auth/menuList","path":"/system/auth/menuList","pid":0,"redirect":"","roles":[1]}', '', '2024-03-08 01:38:59'),
	(443, '', 0, '/api/v1/system/user/getUserMenus', 'GET', 1, 'ADMIN', 'A分部', '/api/v1/system/user/getUserMenus', '::1', '内网IP', '{}', '', '2024-03-08 01:38:59'),
	(444, '', 0, '/api/v1/system/menu/list', 'GET', 1, 'ADMIN', 'A分部', '/api/v1/system/menu/list?title=&component=', '::1', '内网IP', '{"component":"","title":""}', '', '2024-03-08 01:38:59'),
	(445, '', 0, '/api/v1/system/dict/data/getDictData', 'GET', 1, 'ADMIN', 'A分部', '/api/v1/system/dict/data/getDictData?dictType=sys_show_hide&defaultValue=', '::1', '内网IP', '{"defaultValue":"","dictType":"sys_show_hide"}', '', '2024-03-08 01:39:01'),
	(446, '', 0, '/api/v1/system/menu/list', 'GET', 1, 'ADMIN', 'A分部', '/api/v1/system/menu/list?title=&component=', '::1', '内网IP', '{"component":"","title":""}', '', '2024-03-08 01:39:01'),
	(447, '部门管理', 0, '/api/v1/system/dept/list', 'GET', 1, 'ADMIN', 'A分部', '/api/v1/system/dept/list?pageNum=1&pageSize=10&deptName=&status=', '::1', '内网IP', '{"deptName":"","pageNum":"1","pageSize":"10","status":""}', '', '2024-03-08 01:39:07'),
	(448, '', 0, '/api/v1/system/dict/data/getDictData', 'GET', 1, 'ADMIN', 'A分部', '/api/v1/system/dict/data/getDictData?dictType=sys_user_sex&defaultValue=', '::1', '内网IP', '{"defaultValue":"","dictType":"sys_user_sex"}', '', '2024-03-08 01:39:09'),
	(449, '', 0, '/api/v1/system/dept/treeSelect', 'GET', 1, 'ADMIN', 'A分部', '/api/v1/system/dept/treeSelect', '::1', '内网IP', '{}', '', '2024-03-08 01:39:09'),
	(450, '人员管理', 0, '/api/v1/system/user/list', 'GET', 1, 'ADMIN', 'A分部', '/api/v1/system/user/list?pageNum=1&pageSize=10&deptId=&mobile=&status=&keyWords=', '::1', '内网IP', '{"deptId":"","keyWords":"","mobile":"","pageNum":"1","pageSize":"10","status":""}', '', '2024-03-08 01:39:09'),
	(451, '', 0, '/api/v1/system/user/params', 'GET', 1, 'ADMIN', 'A分部', '/api/v1/system/user/params', '::1', '内网IP', '{}', '', '2024-03-08 01:39:09'),
	(452, '角色管理', 0, '/api/v1/system/role/list', 'GET', 1, 'ADMIN', 'A分部', '/api/v1/system/role/list?roleName=&roleStatus=&pageNum=1&pageSize=10', '::1', '内网IP', '{"pageNum":"1","pageSize":"10","roleName":"","roleStatus":""}', '', '2024-03-08 01:39:11'),
	(453, '岗位管理', 0, '/api/v1/system/post/list', 'GET', 1, 'ADMIN', 'A分部', '/api/v1/system/post/list?postName=&status=&postCode=&pageNum=1&pageSize=10', '::1', '内网IP', '{"pageNum":"1","pageSize":"10","postCode":"","postName":"","status":""}', '', '2024-03-08 01:39:14'),
	(454, '', 0, '/api/v1/system/dict/data/getDictData', 'GET', 1, 'ADMIN', 'A分部', '/api/v1/system/dict/data/getDictData?dictType=sys_show_hide&defaultValue=', '::1', '内网IP', '{"defaultValue":"","dictType":"sys_show_hide"}', '', '2024-03-08 01:47:07'),
	(455, '', 0, '/api/v1/system/menu/list', 'GET', 1, 'ADMIN', 'A分部', '/api/v1/system/menu/list?title=&component=', '::1', '内网IP', '{"component":"","title":""}', '', '2024-03-08 01:47:07'),
	(456, '', 0, '/api/v1/system/personal/getPersonalInfo', 'GET', 1, 'ADMIN', 'A分部', '/api/v1/system/personal/getPersonalInfo', '::1', '内网IP', '{}', '', '2024-03-08 06:05:46'),
	(457, '', 0, '/api/v1/system/user/getUserMenus', 'GET', 1, 'ADMIN', 'A分部', '/api/v1/system/user/getUserMenus', '::1', '内网IP', '{}', '', '2024-03-08 06:15:15'),
	(458, '', 0, '/api/v1/system/cache/remove', 'DELETE', 1, 'ADMIN', 'A分部', '/api/v1/system/cache/remove', '::1', '内网IP', '{}', '', '2024-03-08 06:22:36'),
	(459, '', 0, '/api/v1/system/user/getUserMenus', 'GET', 1, 'ADMIN', 'A分部', '/api/v1/system/user/getUserMenus', '::1', '内网IP', '{}', '', '2024-03-08 06:22:37'),
	(460, '', 0, '/api/v1/system/menu/list', 'GET', 1, 'ADMIN', 'A分部', '/api/v1/system/menu/list?title=&component=', '::1', '内网IP', '{"component":"","title":""}', '', '2024-03-10 07:11:47'),
	(461, '', 0, '/api/v1/system/dict/data/getDictData', 'GET', 1, 'ADMIN', 'A分部', '/api/v1/system/dict/data/getDictData?dictType=sys_show_hide&defaultValue=', '::1', '内网IP', '{"defaultValue":"","dictType":"sys_show_hide"}', '', '2024-03-10 07:11:47'),
	(462, '', 0, '/api/v1/system/menu/getParams', 'GET', 1, 'ADMIN', 'A分部', '/api/v1/system/menu/getParams', '::1', '内网IP', '{}', '', '2024-03-10 07:16:57'),
	(463, '角色管理', 0, '/api/v1/system/role/list', 'GET', 1, 'ADMIN', 'A分部', '/api/v1/system/role/list?roleName=&roleStatus=&pageNum=1&pageSize=10', '::1', '内网IP', '{"pageNum":"1","pageSize":"10","roleName":"","roleStatus":""}', '', '2024-03-10 07:22:12'),
	(464, '', 0, '/api/v1/system/dept/treeSelect', 'GET', 1, 'ADMIN', 'A分部', '/api/v1/system/dept/treeSelect', '::1', '内网IP', '{}', '', '2024-03-10 07:22:14'),
	(465, '', 0, '/api/v1/system/dict/data/getDictData', 'GET', 1, 'ADMIN', 'A分部', '/api/v1/system/dict/data/getDictData?dictType=sys_user_sex&defaultValue=', '::1', '内网IP', '{"defaultValue":"","dictType":"sys_user_sex"}', '', '2024-03-10 07:22:14'),
	(466, '人员管理', 0, '/api/v1/system/user/list', 'GET', 1, 'ADMIN', 'A分部', '/api/v1/system/user/list?pageNum=1&pageSize=10&deptId=&mobile=&status=&keyWords=', '::1', '内网IP', '{"deptId":"","keyWords":"","mobile":"","pageNum":"1","pageSize":"10","status":""}', '', '2024-03-10 07:22:14'),
	(467, '', 0, '/api/v1/system/user/params', 'GET', 1, 'ADMIN', 'A分部', '/api/v1/system/user/params', '::1', '内网IP', '{}', '', '2024-03-10 07:22:14'),
	(468, '', 0, '/api/v1/system/menu/getParams', 'GET', 1, 'ADMIN', 'A分部', '/api/v1/system/menu/getParams', '::1', '内网IP', '{}', '', '2024-03-10 07:22:27'),
	(469, '', 0, '/api/v1/system/menu/get', 'GET', 1, 'ADMIN', 'A分部', '/api/v1/system/menu/get?id=15', '::1', '内网IP', '{"id":"15"}', '', '2024-03-10 07:22:27'),
	(470, '', 0, '/api/v1/system/dict/data/getDictData', 'GET', 1, 'ADMIN', 'A分部', '/api/v1/system/dict/data/getDictData?dictType=sys_user_sex&defaultValue=', '::1', '内网IP', '{"defaultValue":"","dictType":"sys_user_sex"}', '', '2024-03-10 07:26:01'),
	(471, '', 0, '/api/v1/system/dept/treeSelect', 'GET', 1, 'ADMIN', 'A分部', '/api/v1/system/dept/treeSelect', '::1', '内网IP', '{}', '', '2024-03-10 07:26:01'),
	(472, '', 0, '/api/v1/system/user/params', 'GET', 1, 'ADMIN', 'A分部', '/api/v1/system/user/params', '::1', '内网IP', '{}', '', '2024-03-10 07:26:01'),
	(473, '人员管理', 0, '/api/v1/system/user/list', 'GET', 1, 'ADMIN', 'A分部', '/api/v1/system/user/list?pageNum=1&pageSize=10&deptId=&mobile=&status=&keyWords=', '::1', '内网IP', '{"deptId":"","keyWords":"","mobile":"","pageNum":"1","pageSize":"10","status":""}', '', '2024-03-10 07:26:01'),
	(474, '在线用户', 0, '/api/v1/system/online/list', 'GET', 1, 'ADMIN', 'A分部', '/api/v1/system/online/list?ipaddr=&userName=&pageNum=1&pageSize=10', '::1', '内网IP', '{"ipaddr":"","pageNum":"1","pageSize":"10","userName":""}', '', '2024-03-10 07:51:44'),
	(475, '', 0, '/api/v1/system/dict/data/getDictData', 'GET', 1, 'ADMIN', 'A分部', '/api/v1/system/dict/data/getDictData?dictType=sys_user_sex&defaultValue=', '::1', '内网IP', '{"defaultValue":"","dictType":"sys_user_sex"}', '', '2024-03-10 07:52:15'),
	(476, '', 0, '/api/v1/system/dept/treeSelect', 'GET', 1, 'ADMIN', 'A分部', '/api/v1/system/dept/treeSelect', '::1', '内网IP', '{}', '', '2024-03-10 07:52:15'),
	(477, '', 0, '/api/v1/system/user/params', 'GET', 1, 'ADMIN', 'A分部', '/api/v1/system/user/params', '::1', '内网IP', '{}', '', '2024-03-10 07:52:15'),
	(478, '人员管理', 0, '/api/v1/system/user/list', 'GET', 1, 'ADMIN', 'A分部', '/api/v1/system/user/list?pageNum=1&pageSize=10&deptId=&mobile=&status=&keyWords=', '::1', '内网IP', '{"deptId":"","keyWords":"","mobile":"","pageNum":"1","pageSize":"10","status":""}', '', '2024-03-10 07:52:15'),
	(479, '', 0, '/api/v1/system/dict/data/getDictData', 'GET', 1, 'ADMIN', 'A分部', '/api/v1/system/dict/data/getDictData?dictType=sys_user_sex&defaultValue=', '::1', '内网IP', '{"defaultValue":"","dictType":"sys_user_sex"}', '', '2024-03-10 08:03:01'),
	(480, '', 0, '/api/v1/system/dept/treeSelect', 'GET', 1, 'ADMIN', 'A分部', '/api/v1/system/dept/treeSelect', '::1', '内网IP', '{}', '', '2024-03-10 08:03:01'),
	(481, '', 0, '/api/v1/system/user/params', 'GET', 1, 'ADMIN', 'A分部', '/api/v1/system/user/params', '::1', '内网IP', '{}', '', '2024-03-10 08:03:01'),
	(482, '人员管理', 0, '/api/v1/system/user/list', 'GET', 1, 'ADMIN', 'A分部', '/api/v1/system/user/list?pageNum=1&pageSize=10&deptId=&mobile=&status=&keyWords=', '::1', '内网IP', '{"deptId":"","keyWords":"","mobile":"","pageNum":"1","pageSize":"10","status":""}', '', '2024-03-10 08:03:01'),
	(483, '', 0, '/api/v1/system/dict/data/getDictData', 'GET', 1, 'ADMIN', 'A分部', '/api/v1/system/dict/data/getDictData?dictType=sys_show_hide&defaultValue=', '::1', '内网IP', '{"defaultValue":"","dictType":"sys_show_hide"}', '', '2024-03-10 08:24:57'),
	(484, '', 0, '/api/v1/system/menu/list', 'GET', 1, 'ADMIN', 'A分部', '/api/v1/system/menu/list?title=&component=', '::1', '内网IP', '{"component":"","title":""}', '', '2024-03-10 08:24:57'),
	(485, '', 0, '/api/v1/system/menu/getParams', 'GET', 1, 'ADMIN', 'A分部', '/api/v1/system/menu/getParams', '::1', '内网IP', '{}', '', '2024-03-10 08:24:58'),
	(486, '', 0, '/api/v1/system/dict/data/getDictData', 'GET', 1, 'ADMIN', 'A分部', '/api/v1/system/dict/data/getDictData?dictType=sys_show_hide&defaultValue=', '::1', '内网IP', '{"defaultValue":"","dictType":"sys_show_hide"}', '', '2024-03-10 08:25:10'),
	(487, '', 0, '/api/v1/system/menu/list', 'GET', 1, 'ADMIN', 'A分部', '/api/v1/system/menu/list?title=&component=', '::1', '内网IP', '{"component":"","title":""}', '', '2024-03-10 08:25:10'),
	(488, '', 0, '/api/v1/system/menu/getParams', 'GET', 1, 'ADMIN', 'A分部', '/api/v1/system/menu/getParams', '::1', '内网IP', '{}', '', '2024-03-10 08:25:12'),
	(489, '', 0, '/api/v1/system/menu/get', 'GET', 1, 'ADMIN', 'A分部', '/api/v1/system/menu/get?id=15', '::1', '内网IP', '{"id":"15"}', '', '2024-03-10 08:25:12'),
	(490, '添加菜单', 0, '/api/v1/system/menu/add', 'POST', 1, 'ADMIN', 'A分部', '/api/v1/system/menu/add', '::1', '内网IP', '{"component":"system/details/index","icon":"iconfont icon-shouye_dongtaihui","isAffix":0,"isHide":"0","isIframe":0,"isKeepAlive":1,"isLink":0,"linkUrl":"","menuName":"个人信息细节","menuSort":0,"menuType":"0","name":"api/v1/system/dept/list","path":"/system/auth/deptList","pid":0,"redirect":"","roles":[1]}', '', '2024-03-10 08:41:37'),
	(491, '添加菜单', 0, '/api/v1/system/menu/add', 'POST', 1, 'ADMIN', 'A分部', '/api/v1/system/menu/add', '::1', '内网IP', '{"component":"system/details/index","icon":"iconfont icon-shouye_dongtaihui","isAffix":0,"isHide":"0","isIframe":0,"isKeepAlive":1,"isLink":0,"linkUrl":"","menuName":"个人信息细节","menuSort":0,"menuType":"0","name":"api/v1/system/details/list","path":"/system/auth/deptList","pid":0,"redirect":"","roles":[1]}', '', '2024-03-10 08:43:12'),
	(492, '', 0, '/api/v1/system/menu/list', 'GET', 1, 'ADMIN', 'A分部', '/api/v1/system/menu/list?title=&component=', '::1', '内网IP', '{"component":"","title":""}', '', '2024-03-10 08:43:12'),
	(493, '', 0, '/api/v1/system/user/getUserMenus', 'GET', 1, 'ADMIN', 'A分部', '/api/v1/system/user/getUserMenus', '::1', '内网IP', '{}', '', '2024-03-10 08:43:12'),
	(494, '', 0, '/api/v1/system/dict/data/getDictData', 'GET', 1, 'ADMIN', 'A分部', '/api/v1/system/dict/data/getDictData?dictType=sys_show_hide&defaultValue=', '::1', '内网IP', '{"defaultValue":"","dictType":"sys_show_hide"}', '', '2024-03-10 08:43:14'),
	(495, '', 0, '/api/v1/system/menu/list', 'GET', 1, 'ADMIN', 'A分部', '/api/v1/system/menu/list?title=&component=', '::1', '内网IP', '{"component":"","title":""}', '', '2024-03-10 08:43:14'),
	(496, '部门管理', 0, '/api/v1/system/dept/list', 'GET', 1, 'ADMIN', 'A分部', '/api/v1/system/dept/list?pageNum=1&pageSize=10&deptName=&status=', '::1', '内网IP', '{"deptName":"","pageNum":"1","pageSize":"10","status":""}', '', '2024-03-10 08:43:15'),
	(497, '部门管理', 0, '/api/v1/system/dept/list', 'GET', 1, 'ADMIN', 'A分部', '/api/v1/system/dept/list?pageNum=1&pageSize=10&deptName=&status=', '::1', '内网IP', '{"deptName":"","pageNum":"1","pageSize":"10","status":""}', '', '2024-03-10 08:46:26'),
	(498, '部门管理', 0, '/api/v1/system/dept/list', 'GET', 1, 'ADMIN', 'A分部', '/api/v1/system/dept/list', '::1', '内网IP', '{}', '', '2024-03-10 08:46:27'),
	(499, '', 0, '/api/v1/system/dict/data/getDictData', 'GET', 1, 'ADMIN', 'A分部', '/api/v1/system/dict/data/getDictData?dictType=sys_show_hide&defaultValue=', '::1', '内网IP', '{"defaultValue":"","dictType":"sys_show_hide"}', '', '2024-03-10 08:46:34'),
	(500, '', 0, '/api/v1/system/menu/list', 'GET', 1, 'ADMIN', 'A分部', '/api/v1/system/menu/list?title=&component=', '::1', '内网IP', '{"component":"","title":""}', '', '2024-03-10 08:46:34'),
	(501, '', 0, '/api/v1/system/dict/data/getDictData', 'GET', 1, 'ADMIN', 'A分部', '/api/v1/system/dict/data/getDictData?dictType=sys_show_hide&defaultValue=', '::1', '内网IP', '{"defaultValue":"","dictType":"sys_show_hide"}', '', '2024-03-10 08:46:37'),
	(502, '', 0, '/api/v1/system/menu/list', 'GET', 1, 'ADMIN', 'A分部', '/api/v1/system/menu/list?title=&component=', '::1', '内网IP', '{"component":"","title":""}', '', '2024-03-10 08:46:37'),
	(503, '', 0, '/api/v1/system/menu/getParams', 'GET', 1, 'ADMIN', 'A分部', '/api/v1/system/menu/getParams', '::1', '内网IP', '{}', '', '2024-03-10 08:46:39'),
	(504, '', 0, '/api/v1/system/menu/get', 'GET', 1, 'ADMIN', 'A分部', '/api/v1/system/menu/get?id=59', '::1', '内网IP', '{"id":"59"}', '', '2024-03-10 08:46:39'),
	(505, '', 0, '/api/v1/system/menu/getParams', 'GET', 1, 'ADMIN', 'A分部', '/api/v1/system/menu/getParams', '::1', '内网IP', '{}', '', '2024-03-10 08:47:38'),
	(506, '', 0, '/api/v1/system/menu/get', 'GET', 1, 'ADMIN', 'A分部', '/api/v1/system/menu/get?id=59', '::1', '内网IP', '{"id":"59"}', '', '2024-03-10 08:47:38'),
	(507, '', 0, '/api/v1/system/menu/getParams', 'GET', 1, 'ADMIN', 'A分部', '/api/v1/system/menu/getParams', '::1', '内网IP', '{}', '', '2024-03-10 08:47:48'),
	(508, '', 0, '/api/v1/system/menu/get', 'GET', 1, 'ADMIN', 'A分部', '/api/v1/system/menu/get?id=59', '::1', '内网IP', '{"id":"59"}', '', '2024-03-10 08:47:48'),
	(509, '', 0, '/api/v1/system/dict/data/getDictData', 'GET', 1, 'ADMIN', 'A分部', '/api/v1/system/dict/data/getDictData?dictType=sys_show_hide&defaultValue=', '::1', '内网IP', '{"defaultValue":"","dictType":"sys_show_hide"}', '', '2024-03-10 08:51:08'),
	(510, '', 0, '/api/v1/system/menu/list', 'GET', 1, 'ADMIN', 'A分部', '/api/v1/system/menu/list?title=&component=', '::1', '内网IP', '{"component":"","title":""}', '', '2024-03-10 08:51:08'),
	(511, '', 0, '/api/v1/system/menu/getParams', 'GET', 1, 'ADMIN', 'A分部', '/api/v1/system/menu/getParams', '::1', '内网IP', '{}', '', '2024-03-10 08:52:55'),
	(512, '', 0, '/api/v1/system/menu/get', 'GET', 1, 'ADMIN', 'A分部', '/api/v1/system/menu/get?id=59', '::1', '内网IP', '{"id":"59"}', '', '2024-03-10 08:52:55'),
	(513, '', 0, '/api/v1/system/menu/getParams', 'GET', 1, 'ADMIN', 'A分部', '/api/v1/system/menu/getParams', '::1', '内网IP', '{}', '', '2024-03-10 08:53:03'),
	(514, '', 0, '/api/v1/system/menu/get', 'GET', 1, 'ADMIN', 'A分部', '/api/v1/system/menu/get?id=1', '::1', '内网IP', '{"id":"1"}', '', '2024-03-10 08:53:03'),
	(515, '', 0, '/api/v1/system/menu/getParams', 'GET', 1, 'ADMIN', 'A分部', '/api/v1/system/menu/getParams', '::1', '内网IP', '{}', '', '2024-03-10 08:53:49'),
	(516, '', 0, '/api/v1/system/menu/get', 'GET', 1, 'ADMIN', 'A分部', '/api/v1/system/menu/get?id=59', '::1', '内网IP', '{"id":"59"}', '', '2024-03-10 08:53:49'),
	(517, '', 0, '/api/v1/system/dict/data/getDictData', 'GET', 1, 'ADMIN', 'A分部', '/api/v1/system/dict/data/getDictData?dictType=sys_show_hide&defaultValue=', '::1', '内网IP', '{"defaultValue":"","dictType":"sys_show_hide"}', '', '2024-03-10 08:53:55'),
	(518, '', 0, '/api/v1/system/menu/list', 'GET', 1, 'ADMIN', 'A分部', '/api/v1/system/menu/list?title=&component=', '::1', '内网IP', '{"component":"","title":""}', '', '2024-03-10 08:53:55'),
	(519, '部门管理', 0, '/api/v1/system/dept/list', 'GET', 1, 'ADMIN', 'A分部', '/api/v1/system/dept/list?pageNum=1&pageSize=10&deptName=&status=', '::1', '内网IP', '{"deptName":"","pageNum":"1","pageSize":"10","status":""}', '', '2024-03-10 08:53:56'),
	(520, '', 0, '/api/v1/system/dict/data/getDictData', 'GET', 1, 'ADMIN', 'A分部', '/api/v1/system/dict/data/getDictData?dictType=sys_show_hide&defaultValue=', '::1', '内网IP', '{"defaultValue":"","dictType":"sys_show_hide"}', '', '2024-03-10 08:53:59'),
	(521, '', 0, '/api/v1/system/menu/list', 'GET', 1, 'ADMIN', 'A分部', '/api/v1/system/menu/list?title=&component=', '::1', '内网IP', '{"component":"","title":""}', '', '2024-03-10 08:53:59'),
	(522, '', 0, '/api/v1/system/menu/getParams', 'GET', 1, 'ADMIN', 'A分部', '/api/v1/system/menu/getParams', '::1', '内网IP', '{}', '', '2024-03-10 08:55:34'),
	(523, '', 0, '/api/v1/system/menu/get', 'GET', 1, 'ADMIN', 'A分部', '/api/v1/system/menu/get?id=59', '::1', '内网IP', '{"id":"59"}', '', '2024-03-10 08:55:34'),
	(524, '', 0, '/api/v1/system/menu/getParams', 'GET', 1, 'ADMIN', 'A分部', '/api/v1/system/menu/getParams', '::1', '内网IP', '{}', '', '2024-03-10 08:55:41'),
	(525, '', 0, '/api/v1/system/menu/get', 'GET', 1, 'ADMIN', 'A分部', '/api/v1/system/menu/get?id=59', '::1', '内网IP', '{"id":"59"}', '', '2024-03-10 08:55:41'),
	(526, '修改菜单', 0, '/api/v1/system/menu/update', 'PUT', 1, 'ADMIN', 'A分部', '/api/v1/system/menu/update', '::1', '内网IP', '{"component":"system/details/index","icon":"iconfont icon-shouye_dongtaihui","id":59,"isAffix":0,"isHide":"0","isIframe":0,"isKeepAlive":1,"isLink":0,"linkUrl":"","menuName":"个人信息细节","menuSort":0,"menuType":"0","name":"api/v1/system/details/list","path":"/system/details","pid":0,"redirect":"","roles":[1]}', '', '2024-03-10 08:55:48'),
	(527, '', 0, '/api/v1/system/user/getUserMenus', 'GET', 1, 'ADMIN', 'A分部', '/api/v1/system/user/getUserMenus', '::1', '内网IP', '{}', '', '2024-03-10 08:55:48'),
	(528, '', 0, '/api/v1/system/menu/list', 'GET', 1, 'ADMIN', 'A分部', '/api/v1/system/menu/list?title=&component=', '::1', '内网IP', '{"component":"","title":""}', '', '2024-03-10 08:55:48'),
	(529, '', 0, '/api/v1/system/dict/data/getDictData', 'GET', 1, 'ADMIN', 'A分部', '/api/v1/system/dict/data/getDictData?dictType=sys_show_hide&defaultValue=', '::1', '内网IP', '{"defaultValue":"","dictType":"sys_show_hide"}', '', '2024-03-10 08:55:50'),
	(530, '', 0, '/api/v1/system/menu/list', 'GET', 1, 'ADMIN', 'A分部', '/api/v1/system/menu/list?title=&component=', '::1', '内网IP', '{"component":"","title":""}', '', '2024-03-10 08:55:50'),
	(531, '字典管理', 0, '/api/v1/system/dict/type/list', 'GET', 1, 'ADMIN', 'A分部', '/api/v1/system/dict/type/list?pageNum=1&pageSize=10&dictName=&dictType=&status=', '::1', '内网IP', '{"dictName":"","dictType":"","pageNum":"1","pageSize":"10","status":""}', '', '2024-03-10 08:55:54'),
	(532, '', 0, '/api/v1/system/dept/treeSelect', 'GET', 1, 'ADMIN', 'A分部', '/api/v1/system/dept/treeSelect', '::1', '内网IP', '{}', '', '2024-03-10 11:36:25'),
	(533, '', 0, '/api/v1/system/user/params', 'GET', 1, 'ADMIN', 'A分部', '/api/v1/system/user/params', '::1', '内网IP', '{}', '', '2024-03-10 11:36:25'),
	(534, '人员管理', 0, '/api/v1/system/user/list', 'GET', 1, 'ADMIN', 'A分部', '/api/v1/system/user/list?pageNum=1&pageSize=10&deptId=&mobile=&status=&keyWords=', '::1', '内网IP', '{"deptId":"","keyWords":"","mobile":"","pageNum":"1","pageSize":"10","status":""}', '', '2024-03-10 11:36:25'),
	(535, '', 0, '/api/v1/system/dict/data/getDictData', 'GET', 1, 'ADMIN', 'A分部', '/api/v1/system/dict/data/getDictData?dictType=sys_user_sex&defaultValue=', '::1', '内网IP', '{"defaultValue":"","dictType":"sys_user_sex"}', '', '2024-03-10 11:36:25'),
	(536, '角色管理', 0, '/api/v1/system/role/list', 'GET', 1, 'ADMIN', 'A分部', '/api/v1/system/role/list?roleName=&roleStatus=&pageNum=1&pageSize=10', '::1', '内网IP', '{"pageNum":"1","pageSize":"10","roleName":"","roleStatus":""}', '', '2024-03-10 11:36:26'),
	(537, '岗位管理', 0, '/api/v1/system/post/list', 'GET', 1, 'ADMIN', 'A分部', '/api/v1/system/post/list?postName=&status=&postCode=&pageNum=1&pageSize=10', '::1', '内网IP', '{"pageNum":"1","pageSize":"10","postCode":"","postName":"","status":""}', '', '2024-03-10 11:36:27'),
	(538, '字典管理', 0, '/api/v1/system/dict/type/list', 'GET', 1, 'ADMIN', 'A分部', '/api/v1/system/dict/type/list?pageNum=1&pageSize=10&dictName=&dictType=&status=', '::1', '内网IP', '{"dictName":"","dictType":"","pageNum":"1","pageSize":"10","status":""}', '', '2024-03-10 11:36:27'),
	(539, '', 0, '/api/v1/system/dict/data/getDictData', 'GET', 1, 'ADMIN', 'A分部', '/api/v1/system/dict/data/getDictData?dictType=sys_user_sex&defaultValue=', '::1', '内网IP', '{"defaultValue":"","dictType":"sys_user_sex"}', '', '2024-03-10 11:52:39'),
	(540, '', 0, '/api/v1/system/dept/treeSelect', 'GET', 1, 'ADMIN', 'A分部', '/api/v1/system/dept/treeSelect', '::1', '内网IP', '{}', '', '2024-03-10 11:52:39'),
	(541, '', 0, '/api/v1/system/user/params', 'GET', 1, 'ADMIN', 'A分部', '/api/v1/system/user/params', '::1', '内网IP', '{}', '', '2024-03-10 11:52:39'),
	(542, '人员管理', 0, '/api/v1/system/user/list', 'GET', 1, 'ADMIN', 'A分部', '/api/v1/system/user/list?pageNum=1&pageSize=10&deptId=&mobile=&status=&keyWords=', '::1', '内网IP', '{"deptId":"","keyWords":"","mobile":"","pageNum":"1","pageSize":"10","status":""}', '', '2024-03-10 11:52:39'),
	(543, '字典管理', 0, '/api/v1/system/dict/type/list', 'GET', 1, 'ADMIN', 'A分部', '/api/v1/system/dict/type/list?pageNum=1&pageSize=10&dictName=&dictType=&status=', '::1', '内网IP', '{"dictName":"","dictType":"","pageNum":"1","pageSize":"10","status":""}', '', '2024-03-10 11:52:40'),
	(544, '', 0, '/api/v1/system/menu/list', 'GET', 1, 'ADMIN', 'A分部', '/api/v1/system/menu/list?title=&component=', '::1', '内网IP', '{"component":"","title":""}', '', '2024-03-10 11:52:42'),
	(545, '', 0, '/api/v1/system/dict/data/getDictData', 'GET', 1, 'ADMIN', 'A分部', '/api/v1/system/dict/data/getDictData?dictType=sys_show_hide&defaultValue=', '::1', '内网IP', '{"defaultValue":"","dictType":"sys_show_hide"}', '', '2024-03-10 11:52:42'),
	(546, '字典管理', 0, '/api/v1/system/dict/type/list', 'GET', 1, 'ADMIN', 'A分部', '/api/v1/system/dict/type/list?pageNum=1&pageSize=10&dictName=&dictType=&status=', '::1', '内网IP', '{"dictName":"","dictType":"","pageNum":"1","pageSize":"10","status":""}', '', '2024-03-10 11:52:43'),
	(547, '', 0, '/api/v1/system/dict/data/getDictData', 'GET', 1, 'ADMIN', 'A分部', '/api/v1/system/dict/data/getDictData?dictType=sys_show_hide&defaultValue=', '::1', '内网IP', '{"defaultValue":"","dictType":"sys_show_hide"}', '', '2024-03-10 22:59:54'),
	(548, '', 0, '/api/v1/system/menu/list', 'GET', 1, 'ADMIN', 'A分部', '/api/v1/system/menu/list?title=&component=', '::1', '内网IP', '{"component":"","title":""}', '', '2024-03-10 22:59:54'),
	(549, '', 0, '/api/v1/system/menu/getParams', 'GET', 1, 'ADMIN', 'A分部', '/api/v1/system/menu/getParams', '::1', '内网IP', '{}', '', '2024-03-10 22:59:56'),
	(550, '字典管理', 0, '/api/v1/system/dict/type/list', 'GET', 1, 'ADMIN', 'A分部', '/api/v1/system/dict/type/list?pageNum=1&pageSize=10&dictName=&dictType=&status=', '::1', '内网IP', '{"dictName":"","dictType":"","pageNum":"1","pageSize":"10","status":""}', '', '2024-03-10 23:00:57'),
	(551, '字典管理', 0, '/api/v1/system/dict/type/list', 'GET', 1, 'ADMIN', 'A分部', '/api/v1/system/dict/type/list?pageNum=1&pageSize=10&dictName=&dictType=&status=', '::1', '内网IP', '{"dictName":"","dictType":"","pageNum":"1","pageSize":"10","status":""}', '', '2024-03-10 23:01:31'),
	(552, '字典管理', 0, '/api/v1/system/dict/type/list', 'GET', 1, 'ADMIN', 'A分部', '/api/v1/system/dict/type/list?pageNum=1&pageSize=10&dictName=&dictType=&status=', '::1', '内网IP', '{"dictName":"","dictType":"","pageNum":"1","pageSize":"10","status":""}', '', '2024-03-10 23:01:55'),
	(553, '字典管理', 0, '/api/v1/system/dict/type/list', 'GET', 1, 'ADMIN', 'A分部', '/api/v1/system/dict/type/list?pageNum=1&pageSize=10&dictName=&dictType=&status=', '::1', '内网IP', '{"dictName":"","dictType":"","pageNum":"1","pageSize":"10","status":""}', '', '2024-03-10 23:01:58'),
	(554, '', 0, '/api/v1/system/dict/data/getDictData', 'GET', 1, 'ADMIN', 'A分部', '/api/v1/system/dict/data/getDictData?dictType=sys_show_hide&defaultValue=', '::1', '内网IP', '{"defaultValue":"","dictType":"sys_show_hide"}', '', '2024-03-10 23:02:35'),
	(555, '', 0, '/api/v1/system/menu/list', 'GET', 1, 'ADMIN', 'A分部', '/api/v1/system/menu/list?title=&component=', '::1', '内网IP', '{"component":"","title":""}', '', '2024-03-10 23:02:35'),
	(556, '', 0, '/api/v1/system/menu/getParams', 'GET', 1, 'ADMIN', 'A分部', '/api/v1/system/menu/getParams', '::1', '内网IP', '{}', '', '2024-03-10 23:02:36'),
	(557, '', 0, '/api/v1/system/dict/data/getDictData', 'GET', 1, 'ADMIN', 'A分部', '/api/v1/system/dict/data/getDictData?dictType=sys_show_hide&defaultValue=', '::1', '内网IP', '{"defaultValue":"","dictType":"sys_show_hide"}', '', '2024-03-10 23:02:52'),
	(558, '', 0, '/api/v1/system/menu/list', 'GET', 1, 'ADMIN', 'A分部', '/api/v1/system/menu/list?title=&component=', '::1', '内网IP', '{"component":"","title":""}', '', '2024-03-10 23:02:52'),
	(559, '', 0, '/api/v1/system/menu/getParams', 'GET', 1, 'ADMIN', 'A分部', '/api/v1/system/menu/getParams', '::1', '内网IP', '{}', '', '2024-03-10 23:02:54'),
	(560, '', 0, '/api/v1/system/menu/get', 'GET', 1, 'ADMIN', 'A分部', '/api/v1/system/menu/get?id=59', '::1', '内网IP', '{"id":"59"}', '', '2024-03-10 23:02:54'),
	(561, '添加菜单', 0, '/api/v1/system/menu/add', 'POST', 1, 'ADMIN', 'A分部', '/api/v1/system/menu/add', '::1', '内网IP', '{"component":"/system/jiangcheng/index","icon":"iconfont icon-LoggedinPC","isAffix":0,"isHide":"0","isIframe":0,"isKeepAlive":1,"isLink":0,"linkUrl":"","menuName":"奖惩记录","menuSort":0,"menuType":"0","name":"api/v1/system/jiangcheng/list","path":"/system/jiangcheng","pid":0,"redirect":"","roles":[1]}', '', '2024-03-10 23:03:43'),
	(562, '', 0, '/api/v1/system/user/getUserMenus', 'GET', 1, 'ADMIN', 'A分部', '/api/v1/system/user/getUserMenus', '::1', '内网IP', '{}', '', '2024-03-10 23:03:43'),
	(563, '', 0, '/api/v1/system/menu/list', 'GET', 1, 'ADMIN', 'A分部', '/api/v1/system/menu/list?title=&component=', '::1', '内网IP', '{"component":"","title":""}', '', '2024-03-10 23:03:43'),
	(564, '', 0, '/api/v1/system/dict/data/getDictData', 'GET', 1, 'ADMIN', 'A分部', '/api/v1/system/dict/data/getDictData?dictType=sys_show_hide&defaultValue=', '::1', '内网IP', '{"defaultValue":"","dictType":"sys_show_hide"}', '', '2024-03-10 23:03:45'),
	(565, '', 0, '/api/v1/system/menu/list', 'GET', 1, 'ADMIN', 'A分部', '/api/v1/system/menu/list?title=&component=', '::1', '内网IP', '{"component":"","title":""}', '', '2024-03-10 23:03:45'),
	(566, '字典管理', 0, '/api/v1/system/dict/type/list', 'GET', 1, 'ADMIN', 'A分部', '/api/v1/system/dict/type/list?pageNum=1&pageSize=10&dictName=&dictType=&status=', '::1', '内网IP', '{"dictName":"","dictType":"","pageNum":"1","pageSize":"10","status":""}', '', '2024-03-10 23:03:47'),
	(567, '字典管理', 0, '/api/v1/system/dict/type/list', 'GET', 1, 'ADMIN', 'A分部', '/api/v1/system/dict/type/list?pageNum=1&pageSize=10&dictName=&dictType=&status=', '::1', '内网IP', '{"dictName":"","dictType":"","pageNum":"1","pageSize":"10","status":""}', '', '2024-03-11 13:00:19'),
	(568, '字典管理', 0, '/api/v1/system/dict/type/list', 'GET', 1, 'ADMIN', 'A分部', '/api/v1/system/dict/type/list?pageNum=1&pageSize=10&dictName=&dictType=&status=', '::1', '内网IP', '{"dictName":"","dictType":"","pageNum":"1","pageSize":"10","status":""}', '', '2024-03-11 13:00:20'),
	(569, '', 0, '/api/v1/system/dict/data/getDictData', 'GET', 1, 'ADMIN', 'A分部', '/api/v1/system/dict/data/getDictData?dictType=sys_show_hide&defaultValue=', '::1', '内网IP', '{"defaultValue":"","dictType":"sys_show_hide"}', '', '2024-03-11 13:01:59'),
	(570, '', 0, '/api/v1/system/menu/list', 'GET', 1, 'ADMIN', 'A分部', '/api/v1/system/menu/list?title=&component=', '::1', '内网IP', '{"component":"","title":""}', '', '2024-03-11 13:01:59'),
	(571, '字典管理', 0, '/api/v1/system/dict/type/list', 'GET', 1, 'ADMIN', 'A分部', '/api/v1/system/dict/type/list?pageNum=1&pageSize=10&dictName=&dictType=&status=', '::1', '内网IP', '{"dictName":"","dictType":"","pageNum":"1","pageSize":"10","status":""}', '', '2024-03-11 13:11:44'),
	(572, '字典管理', 0, '/api/v1/system/dict/type/list', 'GET', 1, 'ADMIN', 'A分部', '/api/v1/system/dict/type/list?pageNum=1&pageSize=10&dictName=&dictType=&status=', '::1', '内网IP', '{"dictName":"","dictType":"","pageNum":"1","pageSize":"10","status":""}', '', '2024-03-11 13:11:45'),
	(573, '字典管理', 0, '/api/v1/system/dict/type/list', 'GET', 1, 'ADMIN', 'A分部', '/api/v1/system/dict/type/list?pageNum=1&pageSize=10&dictName=&dictType=&status=', '::1', '内网IP', '{"dictName":"","dictType":"","pageNum":"1","pageSize":"10","status":""}', '', '2024-03-11 13:11:47'),
	(574, '', 0, '/api/v1/system/menu/getParams', 'GET', 1, 'ADMIN', 'A分部', '/api/v1/system/menu/getParams', '::1', '内网IP', '{}', '', '2024-03-11 13:11:50'),
	(575, '', 0, '/api/v1/system/menu/get', 'GET', 1, 'ADMIN', 'A分部', '/api/v1/system/menu/get?id=59', '::1', '内网IP', '{"id":"59"}', '', '2024-03-11 13:11:50'),
	(576, '修改菜单', 0, '/api/v1/system/menu/update', 'PUT', 1, 'ADMIN', 'A分部', '/api/v1/system/menu/update', '::1', '内网IP', '{"component":"system/details/index","icon":"iconfont icon-shouye_dongtaihui","id":59,"isAffix":0,"isHide":"0","isIframe":0,"isKeepAlive":1,"isLink":0,"linkUrl":"","menuName":"职工相关信息","menuSort":0,"menuType":"0","name":"api/v1/system/details/list","path":"/system/details","pid":0,"redirect":"","roles":[1]}', '', '2024-03-11 13:12:07'),
	(577, '', 0, '/api/v1/system/user/getUserMenus', 'GET', 1, 'ADMIN', 'A分部', '/api/v1/system/user/getUserMenus', '::1', '内网IP', '{}', '', '2024-03-11 13:12:07'),
	(578, '', 0, '/api/v1/system/menu/list', 'GET', 1, 'ADMIN', 'A分部', '/api/v1/system/menu/list?title=&component=', '::1', '内网IP', '{"component":"","title":""}', '', '2024-03-11 13:12:07'),
	(579, '', 0, '/api/v1/system/dict/data/getDictData', 'GET', 1, 'ADMIN', 'A分部', '/api/v1/system/dict/data/getDictData?dictType=sys_show_hide&defaultValue=', '::1', '内网IP', '{"defaultValue":"","dictType":"sys_show_hide"}', '', '2024-03-11 13:12:10'),
	(580, '', 0, '/api/v1/system/menu/list', 'GET', 1, 'ADMIN', 'A分部', '/api/v1/system/menu/list?title=&component=', '::1', '内网IP', '{"component":"","title":""}', '', '2024-03-11 13:12:10'),
	(581, '角色管理', 0, '/api/v1/system/role/list', 'GET', 1, 'ADMIN', 'A分部', '/api/v1/system/role/list?roleName=&roleStatus=&pageNum=1&pageSize=10', '::1', '内网IP', '{"pageNum":"1","pageSize":"10","roleName":"","roleStatus":""}', '', '2024-03-11 13:13:03'),
	(582, '', 0, '/api/v1/system/dict/data/getDictData', 'GET', 1, 'ADMIN', 'A分部', '/api/v1/system/dict/data/getDictData?dictType=sys_show_hide&defaultValue=', '::1', '内网IP', '{"defaultValue":"","dictType":"sys_show_hide"}', '', '2024-03-11 13:13:05'),
	(583, '', 0, '/api/v1/system/menu/list', 'GET', 1, 'ADMIN', 'A分部', '/api/v1/system/menu/list?title=&component=', '::1', '内网IP', '{"component":"","title":""}', '', '2024-03-11 13:13:05'),
	(584, '', 0, '/api/v1/system/dict/data/getDictData', 'GET', 1, 'ADMIN', 'A分部', '/api/v1/system/dict/data/getDictData?dictType=sys_show_hide&defaultValue=', '::1', '内网IP', '{"defaultValue":"","dictType":"sys_show_hide"}', '', '2024-03-11 13:19:52'),
	(585, '', 0, '/api/v1/system/menu/list', 'GET', 1, 'ADMIN', 'A分部', '/api/v1/system/menu/list?title=&component=', '::1', '内网IP', '{"component":"","title":""}', '', '2024-03-11 13:19:52'),
	(586, '', 0, '/api/v1/system/dict/data/getDictData', 'GET', 1, 'ADMIN', 'A分部', '/api/v1/system/dict/data/getDictData?dictType=sys_show_hide&defaultValue=', '::1', '内网IP', '{"defaultValue":"","dictType":"sys_show_hide"}', '', '2024-03-11 13:19:58'),
	(587, '', 0, '/api/v1/system/menu/list', 'GET', 1, 'ADMIN', 'A分部', '/api/v1/system/menu/list?title=&component=', '::1', '内网IP', '{"component":"","title":""}', '', '2024-03-11 13:19:58'),
	(588, '', 0, '/api/v1/system/menu/getParams', 'GET', 1, 'ADMIN', 'A分部', '/api/v1/system/menu/getParams', '::1', '内网IP', '{}', '', '2024-03-11 13:19:59'),
	(589, '', 0, '/api/v1/system/dict/data/getDictData', 'GET', 1, 'ADMIN', 'A分部', '/api/v1/system/dict/data/getDictData?dictType=sys_show_hide&defaultValue=', '::1', '内网IP', '{"defaultValue":"","dictType":"sys_show_hide"}', '', '2024-03-11 13:20:08'),
	(590, '', 0, '/api/v1/system/menu/list', 'GET', 1, 'ADMIN', 'A分部', '/api/v1/system/menu/list?title=&component=', '::1', '内网IP', '{"component":"","title":""}', '', '2024-03-11 13:20:08'),
	(591, '', 0, '/api/v1/system/menu/getParams', 'GET', 1, 'ADMIN', 'A分部', '/api/v1/system/menu/getParams', '::1', '内网IP', '{}', '', '2024-03-11 13:20:10'),
	(592, '', 0, '/api/v1/system/menu/get', 'GET', 1, 'ADMIN', 'A分部', '/api/v1/system/menu/get?id=59', '::1', '内网IP', '{"id":"59"}', '', '2024-03-11 13:20:10'),
	(593, '添加菜单', 0, '/api/v1/system/menu/add', 'POST', 1, 'ADMIN', 'A分部', '/api/v1/system/menu/add', '::1', '内网IP', '{"component":"system/study/index","icon":"iconfont icon-xingqiu","isAffix":0,"isHide":"0","isIframe":0,"isKeepAlive":1,"isLink":0,"linkUrl":"","menuName":"学习记录","menuSort":0,"menuType":"0","name":"api/v1/system/study/list","path":"system/study","pid":0,"redirect":"","roles":[1]}', '', '2024-03-11 13:21:00'),
	(594, '', 0, '/api/v1/system/user/getUserMenus', 'GET', 1, 'ADMIN', 'A分部', '/api/v1/system/user/getUserMenus', '::1', '内网IP', '{}', '', '2024-03-11 13:21:00'),
	(595, '', 0, '/api/v1/system/menu/list', 'GET', 1, 'ADMIN', 'A分部', '/api/v1/system/menu/list?title=&component=', '::1', '内网IP', '{"component":"","title":""}', '', '2024-03-11 13:21:00'),
	(596, '', 0, '/api/v1/system/dict/data/getDictData', 'GET', 1, 'ADMIN', 'A分部', '/api/v1/system/dict/data/getDictData?dictType=sys_show_hide&defaultValue=', '::1', '内网IP', '{"defaultValue":"","dictType":"sys_show_hide"}', '', '2024-03-11 13:21:01'),
	(597, '', 0, '/api/v1/system/menu/list', 'GET', 1, 'ADMIN', 'A分部', '/api/v1/system/menu/list?title=&component=', '::1', '内网IP', '{"component":"","title":""}', '', '2024-03-11 13:21:01'),
	(598, '', 0, '/api/v1/system/dict/data/getDictData', 'GET', 1, 'ADMIN', 'A分部', '/api/v1/system/dict/data/getDictData?dictType=sys_show_hide&defaultValue=', '::1', '内网IP', '{"defaultValue":"","dictType":"sys_show_hide"}', '', '2024-03-11 13:21:06'),
	(599, '', 0, '/api/v1/system/menu/list', 'GET', 1, 'ADMIN', 'A分部', '/api/v1/system/menu/list?title=&component=', '::1', '内网IP', '{"component":"","title":""}', '', '2024-03-11 13:21:06'),
	(600, '字典管理', 0, '/api/v1/system/dict/type/list', 'GET', 1, 'ADMIN', 'A分部', '/api/v1/system/dict/type/list?pageNum=1&pageSize=10&dictName=&dictType=&status=', '::1', '内网IP', '{"dictName":"","dictType":"","pageNum":"1","pageSize":"10","status":""}', '', '2024-03-11 13:21:15'),
	(601, '字典管理', 0, '/api/v1/system/dict/type/list', 'GET', 1, 'ADMIN', 'A分部', '/api/v1/system/dict/type/list?pageNum=1&pageSize=10&dictName=&dictType=&status=', '::1', '内网IP', '{"dictName":"","dictType":"","pageNum":"1","pageSize":"10","status":""}', '', '2024-03-11 13:21:16'),
	(602, '字典管理', 0, '/api/v1/system/dict/type/list', 'GET', 1, 'ADMIN', 'A分部', '/api/v1/system/dict/type/list?pageNum=1&pageSize=10&dictName=&dictType=&status=', '::1', '内网IP', '{"dictName":"","dictType":"","pageNum":"1","pageSize":"10","status":""}', '', '2024-03-11 13:21:18'),
	(603, '', 0, '/api/v1/system/dict/data/getDictData', 'GET', 1, 'ADMIN', 'A分部', '/api/v1/system/dict/data/getDictData?dictType=sys_show_hide&defaultValue=', '::1', '内网IP', '{"defaultValue":"","dictType":"sys_show_hide"}', '', '2024-03-11 13:21:21'),
	(604, '', 0, '/api/v1/system/menu/list', 'GET', 1, 'ADMIN', 'A分部', '/api/v1/system/menu/list?title=&component=', '::1', '内网IP', '{"component":"","title":""}', '', '2024-03-11 13:21:21'),
	(605, '', 0, '/api/v1/system/menu/getParams', 'GET', 1, 'ADMIN', 'A分部', '/api/v1/system/menu/getParams', '::1', '内网IP', '{}', '', '2024-03-11 13:21:42'),
	(606, '', 0, '/api/v1/system/menu/get', 'GET', 1, 'ADMIN', 'A分部', '/api/v1/system/menu/get?id=61', '::1', '内网IP', '{"id":"61"}', '', '2024-03-11 13:21:42'),
	(607, '修改菜单', 0, '/api/v1/system/menu/update', 'PUT', 1, 'ADMIN', 'A分部', '/api/v1/system/menu/update', '::1', '内网IP', '{"component":"system/study/index","icon":"iconfont icon-xingqiu","id":61,"isAffix":0,"isHide":"0","isIframe":0,"isKeepAlive":1,"isLink":0,"linkUrl":"","menuName":"学习记录","menuSort":0,"menuType":"0","name":"api/v1/system/study/list","path":"/system/study","pid":0,"redirect":"","roles":[1]}', '', '2024-03-11 13:21:48'),
	(608, '', 0, '/api/v1/system/user/getUserMenus', 'GET', 1, 'ADMIN', 'A分部', '/api/v1/system/user/getUserMenus', '::1', '内网IP', '{}', '', '2024-03-11 13:21:48'),
	(609, '', 0, '/api/v1/system/menu/list', 'GET', 1, 'ADMIN', 'A分部', '/api/v1/system/menu/list?title=&component=', '::1', '内网IP', '{"component":"","title":""}', '', '2024-03-11 13:21:48'),
	(610, '', 0, '/api/v1/system/menu/getParams', 'GET', 1, 'ADMIN', 'A分部', '/api/v1/system/menu/getParams', '::1', '内网IP', '{}', '', '2024-03-11 13:21:50'),
	(611, '', 0, '/api/v1/system/menu/get', 'GET', 1, 'ADMIN', 'A分部', '/api/v1/system/menu/get?id=60', '::1', '内网IP', '{"id":"60"}', '', '2024-03-11 13:21:50'),
	(612, '修改菜单', 0, '/api/v1/system/menu/update', 'PUT', 1, 'ADMIN', 'A分部', '/api/v1/system/menu/update', '::1', '内网IP', '{"component":"system/jiangcheng/index","icon":"iconfont icon-LoggedinPC","id":60,"isAffix":0,"isHide":"0","isIframe":0,"isKeepAlive":1,"isLink":0,"linkUrl":"","menuName":"奖惩记录","menuSort":0,"menuType":"0","name":"api/v1/system/jiangcheng/list","path":"/system/jiangcheng","pid":0,"redirect":"","roles":[1]}', '', '2024-03-11 13:21:54'),
	(613, '', 0, '/api/v1/system/user/getUserMenus', 'GET', 1, 'ADMIN', 'A分部', '/api/v1/system/user/getUserMenus', '::1', '内网IP', '{}', '', '2024-03-11 13:21:54'),
	(614, '', 0, '/api/v1/system/menu/list', 'GET', 1, 'ADMIN', 'A分部', '/api/v1/system/menu/list?title=&component=', '::1', '内网IP', '{"component":"","title":""}', '', '2024-03-11 13:21:54'),
	(615, '', 0, '/api/v1/system/dict/data/getDictData', 'GET', 1, 'ADMIN', 'A分部', '/api/v1/system/dict/data/getDictData?dictType=sys_show_hide&defaultValue=', '::1', '内网IP', '{"defaultValue":"","dictType":"sys_show_hide"}', '', '2024-03-11 13:23:18'),
	(616, '', 0, '/api/v1/system/menu/list', 'GET', 1, 'ADMIN', 'A分部', '/api/v1/system/menu/list?title=&component=', '::1', '内网IP', '{"component":"","title":""}', '', '2024-03-11 13:23:18'),
	(617, '字典管理', 0, '/api/v1/system/dict/type/list', 'GET', 1, 'ADMIN', 'A分部', '/api/v1/system/dict/type/list?pageNum=1&pageSize=10&dictName=&dictType=&status=', '::1', '内网IP', '{"dictName":"","dictType":"","pageNum":"1","pageSize":"10","status":""}', '', '2024-03-11 13:23:20'),
	(618, '字典管理', 0, '/api/v1/system/dict/type/list', 'GET', 1, 'ADMIN', 'A分部', '/api/v1/system/dict/type/list?pageNum=1&pageSize=10&dictName=&dictType=&status=', '::1', '内网IP', '{"dictName":"","dictType":"","pageNum":"1","pageSize":"10","status":""}', '', '2024-03-11 13:23:21'),
	(619, '字典管理', 0, '/api/v1/system/dict/type/list', 'GET', 1, 'ADMIN', 'A分部', '/api/v1/system/dict/type/list?pageNum=1&pageSize=10&dictName=&dictType=&status=', '::1', '内网IP', '{"dictName":"","dictType":"","pageNum":"1","pageSize":"10","status":""}', '', '2024-03-11 13:23:22'),
	(620, '', 0, '/api/v1/system/dict/data/getDictData', 'GET', 1, 'ADMIN', 'A分部', '/api/v1/system/dict/data/getDictData?dictType=sys_show_hide&defaultValue=', '::1', '内网IP', '{"defaultValue":"","dictType":"sys_show_hide"}', '', '2024-03-11 13:23:23'),
	(621, '', 0, '/api/v1/system/menu/list', 'GET', 1, 'ADMIN', 'A分部', '/api/v1/system/menu/list?title=&component=', '::1', '内网IP', '{"component":"","title":""}', '', '2024-03-11 13:23:23'),
	(622, '字典管理', 0, '/api/v1/system/dict/type/list', 'GET', 1, 'ADMIN', 'A分部', '/api/v1/system/dict/type/list?pageNum=1&pageSize=10&dictName=&dictType=&status=', '::1', '内网IP', '{"dictName":"","dictType":"","pageNum":"1","pageSize":"10","status":""}', '', '2024-03-11 13:26:37'),
	(623, '', 0, '/api/v1/system/menu/getParams', 'GET', 1, 'ADMIN', 'A分部', '/api/v1/system/menu/getParams', '::1', '内网IP', '{}', '', '2024-03-11 13:26:45'),
	(624, '', 0, '/api/v1/system/menu/get', 'GET', 1, 'ADMIN', 'A分部', '/api/v1/system/menu/get?id=59', '::1', '内网IP', '{"id":"59"}', '', '2024-03-11 13:26:45'),
	(625, '修改菜单', 0, '/api/v1/system/menu/update', 'PUT', 1, 'ADMIN', 'A分部', '/api/v1/system/menu/update', '::1', '内网IP', '{"component":"system/details/index","icon":"iconfont icon-shouye_dongtaihui","id":59,"isAffix":0,"isHide":"0","isIframe":0,"isKeepAlive":1,"isLink":0,"linkUrl":"","menuName":"任职信息","menuSort":0,"menuType":"0","name":"api/v1/system/details/list","path":"/system/details","pid":0,"redirect":"","roles":[1]}', '', '2024-03-11 13:27:02'),
	(626, '', 0, '/api/v1/system/user/getUserMenus', 'GET', 1, 'ADMIN', 'A分部', '/api/v1/system/user/getUserMenus', '::1', '内网IP', '{}', '', '2024-03-11 13:27:02'),
	(627, '', 0, '/api/v1/system/menu/list', 'GET', 1, 'ADMIN', 'A分部', '/api/v1/system/menu/list?title=&component=', '::1', '内网IP', '{"component":"","title":""}', '', '2024-03-11 13:27:02'),
	(628, '', 0, '/api/v1/system/dict/data/getDictData', 'GET', 1, 'ADMIN', 'A分部', '/api/v1/system/dict/data/getDictData?dictType=sys_show_hide&defaultValue=', '::1', '内网IP', '{"defaultValue":"","dictType":"sys_show_hide"}', '', '2024-03-11 13:27:04'),
	(629, '', 0, '/api/v1/system/menu/list', 'GET', 1, 'ADMIN', 'A分部', '/api/v1/system/menu/list?title=&component=', '::1', '内网IP', '{"component":"","title":""}', '', '2024-03-11 13:27:04'),
	(630, '', 0, '/api/v1/system/menu/getParams', 'GET', 1, 'ADMIN', 'A分部', '/api/v1/system/menu/getParams', '::1', '内网IP', '{}', '', '2024-03-11 13:27:16'),
	(631, '', 0, '/api/v1/system/dict/data/getDictData', 'GET', 1, 'ADMIN', 'A分部', '/api/v1/system/dict/data/getDictData?dictType=sys_show_hide&defaultValue=', '::1', '内网IP', '{"defaultValue":"","dictType":"sys_show_hide"}', '', '2024-03-11 13:27:28'),
	(632, '', 0, '/api/v1/system/menu/list', 'GET', 1, 'ADMIN', 'A分部', '/api/v1/system/menu/list?title=&component=', '::1', '内网IP', '{"component":"","title":""}', '', '2024-03-11 13:27:28'),
	(633, '', 0, '/api/v1/system/dict/data/getDictData', 'GET', 1, 'ADMIN', 'A分部', '/api/v1/system/dict/data/getDictData?dictType=sys_show_hide&defaultValue=', '::1', '内网IP', '{"defaultValue":"","dictType":"sys_show_hide"}', '', '2024-03-11 13:27:37'),
	(634, '', 0, '/api/v1/system/menu/list', 'GET', 1, 'ADMIN', 'A分部', '/api/v1/system/menu/list?title=&component=', '::1', '内网IP', '{"component":"","title":""}', '', '2024-03-11 13:27:37'),
	(635, '', 0, '/api/v1/system/menu/getParams', 'GET', 1, 'ADMIN', 'A分部', '/api/v1/system/menu/getParams', '::1', '内网IP', '{}', '', '2024-03-11 13:28:32'),
	(636, '', 0, '/api/v1/system/dict/data/getDictData', 'GET', 1, 'ADMIN', 'A分部', '/api/v1/system/dict/data/getDictData?dictType=sys_show_hide&defaultValue=', '::1', '内网IP', '{"defaultValue":"","dictType":"sys_show_hide"}', '', '2024-03-11 13:28:44'),
	(637, '', 0, '/api/v1/system/menu/list', 'GET', 1, 'ADMIN', 'A分部', '/api/v1/system/menu/list?title=&component=', '::1', '内网IP', '{"component":"","title":""}', '', '2024-03-11 13:28:44'),
	(638, '', 0, '/api/v1/system/menu/getParams', 'GET', 1, 'ADMIN', 'A分部', '/api/v1/system/menu/getParams', '::1', '内网IP', '{}', '', '2024-03-11 13:31:37'),
	(639, '', 0, '/api/v1/system/menu/getParams', 'GET', 1, 'ADMIN', 'A分部', '/api/v1/system/menu/getParams', '::1', '内网IP', '{}', '', '2024-03-11 13:31:42'),
	(640, '', 0, '/api/v1/system/menu/get', 'GET', 1, 'ADMIN', 'A分部', '/api/v1/system/menu/get?id=61', '::1', '内网IP', '{"id":"61"}', '', '2024-03-11 13:31:42'),
	(641, '添加菜单', 0, '/api/v1/system/menu/add', 'POST', 1, 'ADMIN', 'A分部', '/api/v1/system/menu/add', '::1', '内网IP', '{"component":"system/exmessage/index","icon":"iconfont icon-gouxuan-weixuanzhong-xianxingfangkuang","isAffix":0,"isHide":"0","isIframe":0,"isKeepAlive":1,"isLink":0,"linkUrl":"","menuName":"拓展信息","menuSort":0,"menuType":"0","name":"api/v1/system/exmessage/list","path":"/system/exmessage","pid":0,"redirect":"","roles":[1]}', '', '2024-03-11 13:32:24'),
	(642, '', 0, '/api/v1/system/user/getUserMenus', 'GET', 1, 'ADMIN', 'A分部', '/api/v1/system/user/getUserMenus', '::1', '内网IP', '{}', '', '2024-03-11 13:32:24'),
	(643, '', 0, '/api/v1/system/menu/list', 'GET', 1, 'ADMIN', 'A分部', '/api/v1/system/menu/list?title=&component=', '::1', '内网IP', '{"component":"","title":""}', '', '2024-03-11 13:32:24'),
	(644, '', 0, '/api/v1/system/dict/data/getDictData', 'GET', 1, 'ADMIN', 'A分部', '/api/v1/system/dict/data/getDictData?dictType=sys_show_hide&defaultValue=', '::1', '内网IP', '{"defaultValue":"","dictType":"sys_show_hide"}', '', '2024-03-11 13:32:27'),
	(645, '', 0, '/api/v1/system/menu/list', 'GET', 1, 'ADMIN', 'A分部', '/api/v1/system/menu/list?title=&component=', '::1', '内网IP', '{"component":"","title":""}', '', '2024-03-11 13:32:27'),
	(646, '字典管理', 0, '/api/v1/system/dict/type/list', 'GET', 1, 'ADMIN', 'A分部', '/api/v1/system/dict/type/list?pageNum=1&pageSize=10&dictName=&dictType=&status=', '::1', '内网IP', '{"dictName":"","dictType":"","pageNum":"1","pageSize":"10","status":""}', '', '2024-03-11 13:32:27'),
	(647, '部门管理', 0, '/api/v1/system/dept/list', 'GET', 1, 'ADMIN', 'A分部', '/api/v1/system/dept/list?pageNum=1&pageSize=10&deptName=&status=', '::1', '内网IP', '{"deptName":"","pageNum":"1","pageSize":"10","status":""}', '', '2024-03-11 13:32:38'),
	(648, '字典管理', 0, '/api/v1/system/dict/type/list', 'GET', 1, 'ADMIN', 'A分部', '/api/v1/system/dict/type/list?pageNum=1&pageSize=10&dictName=&dictType=&status=', '::1', '内网IP', '{"dictName":"","dictType":"","pageNum":"1","pageSize":"10","status":""}', '', '2024-03-11 13:32:41'),
	(649, '字典管理', 0, '/api/v1/system/dict/type/list', 'GET', 1, 'ADMIN', 'A分部', '/api/v1/system/dict/type/list?pageNum=1&pageSize=10&dictName=&dictType=&status=', '::1', '内网IP', '{"dictName":"","dictType":"","pageNum":"1","pageSize":"10","status":""}', '', '2024-03-11 13:32:43');

-- 导出  表 fastcc.sys_post 结构
CREATE TABLE IF NOT EXISTS `sys_post` (
  `post_id` bigint unsigned NOT NULL AUTO_INCREMENT COMMENT '岗位ID',
  `post_code` varchar(64) CHARACTER SET utf8mb4 COLLATE utf8mb4_general_ci NOT NULL COMMENT '岗位编码',
  `post_name` varchar(50) CHARACTER SET utf8mb4 COLLATE utf8mb4_general_ci NOT NULL COMMENT '岗位名称',
  `post_sort` int NOT NULL COMMENT '显示顺序',
  `status` tinyint unsigned NOT NULL DEFAULT '0' COMMENT '状态（0正常 1停用）',
  `remark` varchar(500) CHARACTER SET utf8mb4 COLLATE utf8mb4_general_ci DEFAULT NULL COMMENT '备注',
  `created_by` bigint unsigned NOT NULL DEFAULT '0' COMMENT '创建人',
  `updated_by` bigint unsigned NOT NULL DEFAULT '0' COMMENT '修改人',
  `created_at` datetime DEFAULT NULL COMMENT '创建时间',
  `updated_at` datetime DEFAULT NULL COMMENT '修改时间',
  `deleted_at` datetime DEFAULT NULL COMMENT '删除时间',
  PRIMARY KEY (`post_id`) USING BTREE
) ENGINE=InnoDB AUTO_INCREMENT=10 DEFAULT CHARSET=utf8mb4 COLLATE=utf8mb4_general_ci ROW_FORMAT=COMPACT COMMENT='岗位信息表';

-- 正在导出表  fastcc.sys_post 的数据：~9 rows (大约)
INSERT INTO `sys_post` (`post_id`, `post_code`, `post_name`, `post_sort`, `status`, `remark`, `created_by`, `updated_by`, `created_at`, `updated_at`, `deleted_at`) VALUES
	(1, 'ceo', '董事长', 1, 1, '', 0, 0, '2021-07-11 11:32:58', NULL, NULL),
	(2, 'se', '项目经理', 2, 1, '', 0, 0, '2021-07-12 11:01:26', NULL, NULL),
	(3, 'hr', '人力资源', 3, 1, '', 0, 31, '2021-07-12 11:01:30', '2022-09-16 16:48:18', NULL),
	(4, 'user', '普通员工', 4, 0, '普通员工', 0, 31, '2021-07-12 11:01:33', '2022-04-08 15:32:23', NULL),
	(5, 'it', 'IT部', 5, 1, '信息部', 31, 31, '2021-07-12 11:09:42', '2022-04-09 12:59:12', NULL),
	(6, '1111', '1111', 0, 1, '11111', 31, 0, '2022-04-08 15:32:44', '2022-04-08 15:32:44', '2022-04-08 15:51:24'),
	(7, '222', '2222', 0, 1, '22222', 31, 0, '2022-04-08 15:32:55', '2022-04-08 15:32:55', '2022-04-08 15:51:24'),
	(8, '33333', '3333', 0, 0, '33333', 31, 0, '2022-04-08 15:33:01', '2022-04-08 15:33:01', '2022-04-08 15:51:40'),
	(9, '222', '111', 0, 1, '2313213', 31, 0, '2022-04-08 15:52:53', '2022-04-08 15:52:53', '2022-04-08 15:52:56');

-- 导出  表 fastcc.sys_role 结构
CREATE TABLE IF NOT EXISTS `sys_role` (
  `id` int unsigned NOT NULL AUTO_INCREMENT,
  `status` tinyint unsigned NOT NULL DEFAULT '0' COMMENT '状态;0:禁用;1:正常',
  `list_order` int unsigned NOT NULL DEFAULT '0' COMMENT '排序',
  `name` varchar(20) CHARACTER SET utf8mb4 COLLATE utf8mb4_unicode_ci NOT NULL DEFAULT '' COMMENT '角色名称',
  `remark` varchar(255) CHARACTER SET utf8mb4 COLLATE utf8mb4_general_ci NOT NULL DEFAULT '' COMMENT '备注',
  `data_scope` tinyint unsigned NOT NULL DEFAULT '3' COMMENT '数据范围（1：全部数据权限 2：自定数据权限 3：本部门数据权限 4：本部门及以下数据权限）',
  `created_at` datetime DEFAULT NULL COMMENT '创建时间',
  `updated_at` datetime DEFAULT NULL COMMENT '更新时间',
  PRIMARY KEY (`id`) USING BTREE,
  KEY `status` (`status`) USING BTREE
) ENGINE=InnoDB AUTO_INCREMENT=9 DEFAULT CHARSET=utf8mb4 COLLATE=utf8mb4_general_ci ROW_FORMAT=COMPACT COMMENT='角色表';

-- 正在导出表  fastcc.sys_role 的数据：~6 rows (大约)
INSERT INTO `sys_role` (`id`, `status`, `list_order`, `name`, `remark`, `data_scope`, `created_at`, `updated_at`) VALUES
	(1, 1, 0, '超级管理员', '备注', 3, '2022-04-01 11:38:39', '2022-04-28 10:00:15'),
	(2, 1, 0, '普通管理员', '备注', 3, '2022-04-01 11:38:39', '2022-04-28 10:01:34'),
	(3, 1, 0, '站点管理员', '站点管理人员', 3, '2022-04-01 11:38:39', '2022-04-01 11:38:39'),
	(4, 1, 0, '初级管理员', '初级管理员', 3, '2022-04-01 11:38:39', '2022-04-01 11:38:39'),
	(5, 1, 0, '高级管理员', '高级管理员', 2, '2022-04-01 11:38:39', '2022-04-01 11:38:39'),
	(8, 1, 0, '区级管理员', '', 2, '2022-04-01 11:38:39', '2022-04-06 09:53:40');

-- 导出  表 fastcc.sys_role_dept 结构
CREATE TABLE IF NOT EXISTS `sys_role_dept` (
  `role_id` bigint NOT NULL COMMENT '角色ID',
  `dept_id` bigint NOT NULL COMMENT '部门ID',
  PRIMARY KEY (`role_id`,`dept_id`) USING BTREE
) ENGINE=InnoDB DEFAULT CHARSET=utf8mb4 COLLATE=utf8mb4_general_ci ROW_FORMAT=COMPACT COMMENT='角色和部门关联表';

-- 正在导出表  fastcc.sys_role_dept 的数据：~5 rows (大约)
INSERT INTO `sys_role_dept` (`role_id`, `dept_id`) VALUES
	(5, 103),
	(5, 104),
	(5, 105),
	(8, 105),
	(8, 106);

-- 导出  表 fastcc.sys_state 结构
CREATE TABLE IF NOT EXISTS `sys_state` (
  `id` int NOT NULL,
  `mean` varchar(255) DEFAULT NULL,
  PRIMARY KEY (`id`)
) ENGINE=InnoDB DEFAULT CHARSET=utf8mb4 COLLATE=utf8mb4_0900_ai_ci;

-- 正在导出表  fastcc.sys_state 的数据：~5 rows (大约)
INSERT INTO `sys_state` (`id`, `mean`) VALUES
	(1, '发布'),
	(2, '待接收'),
	(3, '处理中'),
	(4, '处理完毕'),
	(5, '归档');

-- 导出  表 fastcc.sys_study 结构
CREATE TABLE IF NOT EXISTS `sys_study` (
  `id` int NOT NULL,
  `user_id` int DEFAULT NULL,
  `study` varchar(255) DEFAULT NULL COMMENT '学习经历',
  `study_de` varchar(255) DEFAULT NULL COMMENT '学习经历详情',
  `createat` datetime DEFAULT NULL,
  `delete` datetime DEFAULT NULL,
  PRIMARY KEY (`id`)
) ENGINE=InnoDB DEFAULT CHARSET=utf8mb4 COLLATE=utf8mb4_0900_ai_ci;

-- 正在导出表  fastcc.sys_study 的数据：~0 rows (大约)

-- 导出  表 fastcc.sys_user 结构
CREATE TABLE IF NOT EXISTS `sys_user` (
  `id` bigint unsigned NOT NULL AUTO_INCREMENT,
  `user_name` varchar(60) CHARACTER SET utf8mb4 COLLATE utf8mb4_unicode_ci NOT NULL DEFAULT '' COMMENT '用户名',
  `mobile` varchar(20) CHARACTER SET utf8mb4 COLLATE utf8mb4_general_ci NOT NULL DEFAULT '' COMMENT '中国手机不带国家代码，国际手机号格式为：国家代码-手机号',
  `user_nickname` varchar(50) CHARACTER SET utf8mb4 COLLATE utf8mb4_unicode_ci NOT NULL DEFAULT '' COMMENT '用户昵称',
  `birthday` int NOT NULL DEFAULT '0' COMMENT '生日',
  `user_password` varchar(255) CHARACTER SET utf8mb4 COLLATE utf8mb4_general_ci NOT NULL DEFAULT '' COMMENT '登录密码;cmf_password加密',
  `user_salt` char(10) CHARACTER SET utf8mb4 COLLATE utf8mb4_general_ci NOT NULL COMMENT '加密盐',
  `user_status` tinyint unsigned NOT NULL DEFAULT '1' COMMENT '用户状态;0:禁用,1:正常,2:未验证',
  `user_email` varchar(100) CHARACTER SET utf8mb4 COLLATE utf8mb4_general_ci NOT NULL DEFAULT '' COMMENT '用户登录邮箱',
  `sex` tinyint NOT NULL DEFAULT '0' COMMENT '性别;0:保密,1:男,2:女',
  `avatar` varchar(255) CHARACTER SET utf8mb4 COLLATE utf8mb4_general_ci NOT NULL DEFAULT '' COMMENT '用户头像',
  `dept_id` bigint unsigned NOT NULL DEFAULT '0' COMMENT '部门id',
  `remark` varchar(255) CHARACTER SET utf8mb4 COLLATE utf8mb4_general_ci NOT NULL DEFAULT '' COMMENT '备注',
  `is_admin` tinyint NOT NULL DEFAULT '1' COMMENT '是否后台管理员 1 是  0   否',
  `address` varchar(255) CHARACTER SET utf8mb4 COLLATE utf8mb4_general_ci NOT NULL DEFAULT '' COMMENT '联系地址',
  `describe` varchar(255) CHARACTER SET utf8mb4 COLLATE utf8mb4_general_ci NOT NULL DEFAULT '' COMMENT ' 描述信息',
  `last_login_ip` varchar(15) CHARACTER SET utf8mb4 COLLATE utf8mb4_general_ci NOT NULL DEFAULT '' COMMENT '最后登录ip',
  `last_login_time` datetime DEFAULT NULL COMMENT '最后登录时间',
  `created_at` datetime DEFAULT NULL COMMENT '创建时间',
  `updated_at` datetime DEFAULT NULL COMMENT '更新时间',
  `deleted_at` datetime DEFAULT NULL COMMENT '删除时间',
  PRIMARY KEY (`id`) USING BTREE,
  UNIQUE KEY `user_login` (`user_name`,`deleted_at`) USING BTREE,
  UNIQUE KEY `mobile` (`mobile`,`deleted_at`) USING BTREE,
  KEY `user_nickname` (`user_nickname`) USING BTREE
) ENGINE=InnoDB AUTO_INCREMENT=43 DEFAULT CHARSET=utf8mb4 COLLATE=utf8mb4_general_ci ROW_FORMAT=COMPACT COMMENT='用户表';

-- 正在导出表  fastcc.sys_user 的数据：~29 rows (大约)
INSERT INTO `sys_user` (`id`, `user_name`, `mobile`, `user_nickname`, `birthday`, `user_password`, `user_salt`, `user_status`, `user_email`, `sex`, `avatar`, `dept_id`, `remark`, `is_admin`, `address`, `describe`, `last_login_ip`, `last_login_time`, `created_at`, `updated_at`, `deleted_at`) VALUES
	(1, 'ADMIN', '13578342363', '超级管理员', 0, '6dd68eea81e0fca319add0bd58c3fdf6', '46PvWe1Sl7', 1, 'yxh669@qq.com', 1, 'https://yxh-1301841944.cos.ap-chongqing.myqcloud.com/gfast/2021-07-19/ccwpeuqz1i2s769hua.jpeg', 101, '', 1, 'asdasfdsaf大发放打发士大夫发按时', '描述信息', '::1', '2024-03-11 12:35:51', '2021-06-22 17:58:00', '2022-11-03 15:44:38', NULL),
	(2, 'yixiaohu', '13699885599', '奈斯', 0, '542a6e44dbac171f260fc4a032cd5522', 'dlqVVBTADg', 1, 'yxh@qq.com', 1, 'upload_file/2022-11-04/co3e5ljknns8jhlp8s.jpg', 102, '备注', 1, '', '', '::1', '2022-11-04 09:54:56', '2021-06-22 17:58:00', '2022-11-04 17:54:56', NULL),
	(3, 'zs', '16399669855', '张三', 0, '41e3778c20338f4d7d6cc886fd3b2a52', 'redoHIj524', 1, 'zs@qq.com', 0, 'https://yxh-1301841944.cos.ap-chongqing.myqcloud.com/gfast/2021-08-02/cd8nif79egjg9kbkgk.jpeg', 101, '', 1, '', '', '::1', '2022-04-28 10:01:47', '2021-06-22 17:58:00', '2022-04-28 10:01:47', NULL),
	(4, 'qlgl', '13758596696', '测试c', 0, '542a6e44dbac171f260fc4a032cd5522', 'dlqVVBTADg', 1, 'qlgl@qq.com', 0, '', 102, '', 1, '', '', '127.0.0.1', NULL, '2021-06-22 17:58:00', '2022-11-03 15:44:20', NULL),
	(5, 'test', '13845696696', '测试2', 0, '542a6e44dbac171f260fc4a032cd5522', 'dlqVVBTADg', 1, '123@qq.com', 0, '', 101, '', 0, '', '', '::1', '2022-03-30 10:50:39', '2021-06-22 17:58:00', '2022-11-03 15:44:10', NULL),
	(6, '18999998889', '13755866654', '刘大大', 0, '5df78d20315a5af61f45d20f72c184fc', 'lC6OoXDCbM', 1, '1223@qq.com', 0, '', 103, '', 1, '', '', '[::1]', '2022-02-25 14:29:22', '2021-06-22 17:58:00', '2022-11-03 17:05:07', NULL),
	(7, 'zmm', '13788566696', '张明明', 0, '542a6e44dbac171f260fc4a032cd5522', 'dlqVVBTADg', 1, '11123@qq.com', 0, '', 104, '', 1, '', '', '127.0.0.1', NULL, '2021-06-22 17:58:00', '2022-04-12 17:55:42', NULL),
	(8, 'lxx', '13756566696', '李小小', 0, '542a6e44dbac171f260fc4a032cd5522', 'dlqVVBTADg', 1, '123333@qq.com', 0, '', 101, '', 1, '', '', '127.0.0.1', NULL, '2021-06-22 17:58:00', '2022-04-12 17:55:45', NULL),
	(10, 'xmm', '13588999969', '小秘密', 0, '2de2a8df703bfc634cfda2cb2f6a59be', 'Frz7LJY7SE', 1, '696@qq.com', 0, '', 101, '', 1, '', '', '[::1]', '2021-07-22 17:08:53', '2021-06-22 17:58:00', '2022-04-12 17:55:50', NULL),
	(14, 'cd_19', '13699888899', '说道理', 0, '1169d5fe4119fd4277a95f02d7036171', '7paigEoedh', 1, '', 0, '', 102, '', 1, '', '', '', NULL, '2021-06-22 17:58:00', '2022-04-12 18:13:22', NULL),
	(15, 'lmm', '13587754545', '刘敏敏', 0, '542a6e44dbac171f260fc4a032cd5522', 'dlqVVBTADg', 1, 'a@coc.com', 0, '', 201, '', 1, '', '', '127.0.0.1', NULL, '2021-06-22 17:58:00', '2022-04-12 17:56:23', NULL),
	(16, 'ldn', '13899658874', '李大牛', 0, '542a6e44dbac171f260fc4a032cd5522', 'dlqVVBTADg', 1, 'a@ll.con', 0, '', 102, '', 1, '', '', '127.0.0.1', NULL, '2021-06-22 17:58:00', '2022-04-12 17:56:27', NULL),
	(20, 'dbc', '13877555566', '大百词', 0, '542a6e44dbac171f260fc4a032cd5522', 'dlqVVBTADg', 1, '', 0, '', 0, '', 1, '', '', '', NULL, '2021-06-22 17:58:00', '2021-06-22 17:58:00', NULL),
	(22, 'yxfmlbb', '15969423326', '大数据部门测试', 0, '66f89b40ee4a10aabaf70c15756429ea', 'mvd2OtUe8f', 1, 'yxh6691@qq.com', 0, 'https://yxh-1301841944.cos.ap-chongqing.myqcloud.com/gfast/2021-09-29/cem20k3fdciosy7nwo.jpeg', 200, '', 1, '2222233', '1222', '[::1]', '2021-10-28 11:36:07', '2021-06-22 17:58:00', '2021-06-22 17:58:00', NULL),
	(23, 'wangming', '13699888855', '王明', 0, '542a6e44dbac171f260fc4a032cd5522', 'dlqVVBTADg', 1, '', 0, '', 0, '', 1, '', '', '', NULL, '2021-06-22 17:58:00', '2021-06-22 17:58:00', NULL),
	(24, 'zhk', '13699885591', '综合科', 0, '542a6e44dbac171f260fc4a032cd5522', 'dlqVVBTADg', 1, '', 0, '', 0, '', 1, '', '', '192.168.0.146', NULL, '2021-06-22 17:58:00', '2021-06-22 17:58:00', NULL),
	(28, 'demo3', '18699888855', '测试账号1', 0, '542a6e44dbac171f260fc4a032cd5522', 'dlqVVBTADg', 1, '123132@qq.com', 0, '', 109, '', 1, '', '', '192.168.0.229', NULL, '2021-06-22 17:58:00', '2021-06-22 17:58:00', NULL),
	(31, 'demo', '15334455789', '李四', 0, '6dd68eea81e0fca319add0bd58c3fdf6', '46PvWe1Sl7', 1, '123@qq.com', 2, 'upload_file/2022-11-11/co9copop81co0gysbz.jpg', 109, '3', 1, '云南省曲靖市22223', '生活变的再糟糕，也不妨碍我变得更好', '::1', '2024-03-07 08:31:39', '2021-06-22 17:58:00', '2022-11-11 17:25:27', NULL),
	(32, 'demo100', '18699888859', '测试账号1', 0, '542a6e44dbac171f260fc4a032cd5522', 'dlqVVBTADg', 1, '', 0, '', 0, '', 1, '', '', '[::1]', '2021-11-24 18:01:21', '2021-06-22 17:58:00', '2021-06-22 17:58:00', NULL),
	(33, 'demo110', '18699888853', '测试账号1', 0, '542a6e44dbac171f260fc4a032cd5522', 'dlqVVBTADg', 1, '', 0, '', 0, '', 1, '', '', '', NULL, '2021-06-22 17:58:00', '2021-06-22 17:58:00', NULL),
	(34, 'yxfmlbb2', '15969423327', '研发部门测试', 0, '542a6e44dbac171f260fc4a032cd5522', 'dlqVVBTADg', 1, '1111@qqq.com', 1, '', 103, '', 0, '', '', '127.0.0.1', NULL, '2021-06-22 17:58:00', '2021-06-22 17:58:00', NULL),
	(35, 'wk666', '18888888888', 'wk', 0, '542a6e44dbac171f260fc4a032cd5522', 'dlqVVBTADg', 1, '396861557@qq.com', 1, '', 100, '', 1, '', '', '[::1]', '2021-12-09 14:52:37', '2021-06-22 17:58:00', '2021-06-22 17:58:00', NULL),
	(36, 'zxd', '13699885565', '张晓东', 0, '542a6e44dbac171f260fc4a032cd5522', 'dlqVVBTADg', 1, 'zxk@qq.com', 1, '', 201, '666', 1, '', '', '', NULL, '2021-06-22 17:58:00', '2021-06-22 17:58:00', NULL),
	(37, 'yxfmlbb3', '13513513511', '张三', 0, '542a6e44dbac171f260fc4a032cd5522', 'dlqVVBTADg', 1, '111@qq.com', 0, '', 204, '', 1, '', '', '[::1]', '2021-07-26 14:49:25', '2021-06-22 17:58:00', '2021-07-26 14:49:18', NULL),
	(38, 'test_user', '18888888880', 'test', 0, '542a6e44dbac171f260fc4a032cd5522', 'dlqVVBTADg', 1, '11@qq.com', 1, '', 200, '111', 0, '', '', '', NULL, '2021-06-22 17:58:00', '2021-07-12 22:05:29', NULL),
	(39, 'asan', '18687460555', '阿三', 0, '2354837137115700e2adf870ac113dcf', 'drdDvbtYZW', 1, '456654@qq.com', 1, '', 201, '666666', 1, '', '', '', NULL, '2021-07-12 17:21:43', '2021-07-12 21:13:31', '2021-07-12 22:00:44'),
	(40, 'asi', '13655888888', '啊四', 0, 'fbb755b35d48759dad47bb1540249fd1', '9dfUstcxrz', 1, '5464@qq.com', 1, '', 201, 'adsaasd', 1, '', '', '', NULL, '2021-07-12 17:46:27', '2021-07-12 21:29:41', '2021-07-12 22:00:44'),
	(41, 'awu', '13578556546', '阿五', 0, '3b36a96afa0dfd66aa915e0816e0e9f6', '9gHRa9ho4U', 0, '132321@qq.com', 1, '', 201, 'asdasdasd', 1, '', '', '', NULL, '2021-07-12 17:54:31', '2021-07-12 21:46:34', '2021-07-12 21:59:56'),
	(42, 'demo01', '13699888556', '测试01222', 0, '048dc94116558fb40920f3553ecd5fe8', 'KiVrfzKJQx', 1, '456@qq.com', 2, '', 109, '测试用户', 1, '', '', '', NULL, '2022-04-12 16:15:23', '2022-04-12 17:54:49', NULL);

-- 导出  表 fastcc.sys_userex 结构
CREATE TABLE IF NOT EXISTS `sys_userex` (
  `id` int NOT NULL,
  `user_id` int DEFAULT NULL,
  `user_ex` varchar(255) DEFAULT NULL COMMENT '拓展信息',
  `createat` datetime DEFAULT NULL,
  `delete` int DEFAULT NULL COMMENT '判断是否删除',
  PRIMARY KEY (`id`)
) ENGINE=InnoDB DEFAULT CHARSET=utf8mb4 COLLATE=utf8mb4_0900_ai_ci;

-- 正在导出表  fastcc.sys_userex 的数据：~0 rows (大约)

-- 导出  表 fastcc.sys_user_online 结构
CREATE TABLE IF NOT EXISTS `sys_user_online` (
  `id` bigint unsigned NOT NULL AUTO_INCREMENT,
  `uuid` char(32) CHARACTER SET latin1 COLLATE latin1_general_ci NOT NULL DEFAULT '' COMMENT '用户标识',
  `token` varchar(255) CHARACTER SET latin1 COLLATE latin1_general_ci NOT NULL DEFAULT '' COMMENT '用户token',
  `create_time` datetime DEFAULT NULL COMMENT '登录时间',
  `user_name` varchar(255) CHARACTER SET utf8mb4 COLLATE utf8mb4_general_ci NOT NULL COMMENT '用户名',
  `ip` varchar(120) CHARACTER SET utf8mb4 COLLATE utf8mb4_general_ci NOT NULL DEFAULT '' COMMENT '登录ip',
  `explorer` varchar(30) CHARACTER SET utf8mb4 COLLATE utf8mb4_general_ci NOT NULL DEFAULT '' COMMENT '浏览器',
  `os` varchar(30) CHARACTER SET utf8mb4 COLLATE utf8mb4_general_ci NOT NULL DEFAULT '' COMMENT '操作系统',
  PRIMARY KEY (`id`) USING BTREE,
  UNIQUE KEY `uni_token` (`token`) USING BTREE
) ENGINE=InnoDB AUTO_INCREMENT=30 DEFAULT CHARSET=utf8mb4 COLLATE=utf8mb4_general_ci ROW_FORMAT=COMPACT COMMENT='用户在线状态表';

-- 正在导出表  fastcc.sys_user_online 的数据：~15 rows (大约)
INSERT INTO `sys_user_online` (`id`, `uuid`, `token`, `create_time`, `user_name`, `ip`, `explorer`, `os`) VALUES
	(15, 'f2d1992a5bff07f46a70490451a225e8', '7ZUSfVIf2HyYjcv86SKPPs29v003ECPEScsdYsYYqO1xEIcOpHEu9FS4ZmjQsf1GCmQAky2EuUzyGJF53YyQWvdOP3vC5KeHSmJ1BX0mSAnnw7CD4fNQF4wbtkE4I78lTUjvovXRSC5oDkWPMe79iQ==', '2023-01-13 14:09:51', 'demo', '::1', 'Chrome', 'Windows 10'),
	(16, 'c0ce4001700ef589195c41ef073daa62', '7ZUSfVIf2HyYjcv86SKPPs29v003ECPEScsdYsYYqO0y3Gdni2HPIbjTYvAE1/8jYVxUh0VVfhtbUzIENCClH8vlzKtsEfway1I2p8fkF9NRP0ycB7htjT0UJLDmhMUpMaTXSYnL2PPorrqaf4roHg==', '2023-01-19 10:17:18', 'demo', '::1', 'Chrome', 'Windows 10'),
	(17, '8d1da89828e914ed6bbe4759b3775cbf', '7ZUSfVIf2HyYjcv86SKPPs29v003ECPEScsdYsYYqO2vjUVochVFm/zhuy7Y6T7pG2xUnI5Ozygxuh/+9TL0c0Q+DLeO1tRnPDjsn6Ckd3Qq/nVH2sjGpG6CofGbLgSb/j+Vw+h05btNcaN0hWfB9A==', '2024-03-06 01:28:50', 'demo', '::1', 'Chrome', 'Windows 10'),
	(18, '158bca0f99b03867865697254933fa7d', '5rrLCPtzPM4tnvlHq+0iav2BDmIrd9QCru7zhgXMkRdQG96w2LUruN9FMy9D9D2ShdCyAM5FizOoSP3cC46+wvdvojYy0lJ0pD1bbDFaVdMQwHHoOxR499xFJ3/XupubETujUu6A62m6UVWAmAXqEQ==', '2024-03-06 01:48:00', 'admin', '::1', 'Chrome', 'Windows 10'),
	(19, '030afca104eefb170e792805318679f2', '5rrLCPtzPM4tnvlHq+0iav2BDmIrd9QCru7zhgXMkRdQG96w2LUruN9FMy9D9D2ShdCyAM5FizOoSP3cC46+wvHTq4Hscn3kCt+bl6qB8LsQvY2s6Ve/Y9Psky6LsH+9wlfZDefOSC8CxtbNPOdR3g==', '2024-03-06 03:09:12', 'admin', '::1', 'Chrome', 'Windows 10'),
	(20, 'f4e56b32ac0cf45b0395b27478216f10', '5rrLCPtzPM4tnvlHq+0iav2BDmIrd9QCru7zhgXMkRdPp4xeDnmYM/neBH/6evZcxVtq/ZhUE7BkE6TavLVQJYuNM9gUPcL9aBjkmYBQSz98gB+cDpgBtLkRJjR02ZAqUN1Iw4RwfVvYYpOlIp1J3g==', '2024-03-06 07:14:55', 'admin', '::1', 'Edge', 'Windows 10'),
	(21, '4e3c6e79a4aa8b6bc238fc657b7bf3bd', '5rrLCPtzPM4tnvlHq+0iav2BDmIrd9QCru7zhgXMkRdPp4xeDnmYM/neBH/6evZcxVtq/ZhUE7BkE6TavLVQJcRjVha076GjQ/gUSo037aZz8i4xcOBz158Ce074fHI69Ha/vDsVO+HGcv9Z0vAEqw==', '2024-03-06 07:37:18', 'admin', '::1', 'Edge', 'Windows 10'),
	(22, '75d7ebe89feb347a86d938661f98018a', '7ZUSfVIf2HyYjcv86SKPPs29v003ECPEScsdYsYYqO2vjUVochVFm/zhuy7Y6T7pG2xUnI5Ozygxuh/+9TL0c3Lal9I+RSUwzL4nDJN1yAHG6SdXH1bJP83QndBYIGh5sRwlNoNhBQAiR4yCWM3Atw==', '2024-03-07 08:31:39', 'demo', '::1', 'Chrome', 'Windows 10'),
	(23, 'fe6598c48887c3de323ea52b787d2d44', 'r51aDulVv0KEtMj406UOdJvuNtKteRaDsRZeuVC0A6ShUL+4bcWISGvhYhcjQPjPJ+lhsPjk5Qp5iDHj9MGK6y/zXbbDUgA10Uy8tjDRfoqYQhq6p6SQ5WyNCBaeSjs8LVMk628YnwH8JVsf8HtMjQ==', '2024-03-08 01:36:16', 'ADMIN', '::1', 'Chrome', 'Windows 10'),
	(24, '3adf2014e933fc4417dc51d31133318f', 'r51aDulVv0KEtMj406UOdJvuNtKteRaDsRZeuVC0A6ShUL+4bcWISGvhYhcjQPjPJ+lhsPjk5Qp5iDHj9MGK6wfnqSbEYXk9YjYDyIRE/jReNUPTsH8ZLOWbCKKbfAO91XbVm/H30LfsmCfxc3Mbsg==', '2024-03-08 06:05:35', 'ADMIN', '::1', 'Chrome', 'Windows 10'),
	(25, 'e25054d04eb5db9347edba981e0bf5e6', 'r51aDulVv0KEtMj406UOdJvuNtKteRaDsRZeuVC0A6ShUL+4bcWISGvhYhcjQPjPJ+lhsPjk5Qp5iDHj9MGK6x039zSphDTOgnoX1Zeu8tfyGP2Xtt/XtF85oAiwZ7WzW/fRIZ/6t1feGD/P4cXkcg==', '2024-03-10 07:09:38', 'ADMIN', '::1', 'Chrome', 'Windows 10'),
	(26, '90d10ca2567f2a655a6be94bb4a93dc6', 'r51aDulVv0KEtMj406UOdJvuNtKteRaDsRZeuVC0A6ShUL+4bcWISGvhYhcjQPjPcwS3jqxCyepFNt5Xhrzd3NhXzrAHCmD9yGKD3b+QysPhBmo5zogXURzfcXkUQepkrdT1+PJMd+o+GnxvmcPm1Q==', '2024-03-10 08:20:58', 'ADMIN', '::1', 'Chrome', 'Windows 10'),
	(27, '254e12fb3eb10ed737a74629bcb496e1', 'r51aDulVv0KEtMj406UOdJvuNtKteRaDsRZeuVC0A6ShUL+4bcWISGvhYhcjQPjPJ+lhsPjk5Qp5iDHj9MGK69Rn/rtWO3K5hNyVyZQ0TsdDahcoQAAXo5IVbR1nBgT67IxokZCwsTn076KprV1FNg==', '2024-03-10 11:36:22', 'ADMIN', '::1', 'Chrome', 'Windows 10'),
	(28, '2a812ce004d07fc406da1375afbd1ddc', 'r51aDulVv0KEtMj406UOdJvuNtKteRaDsRZeuVC0A6ShUL+4bcWISGvhYhcjQPjPJ+lhsPjk5Qp5iDHj9MGK67OazCCQwhBOSa8d3hi999l/R2hydA69sldIgnSKdUiOCIAvO7jzKg5fQJR+mHHbdw==', '2024-03-10 22:56:44', 'ADMIN', '::1', 'Chrome', 'Windows 10'),
	(29, '1b7e00736b2e749c7cf3957148d7706c', 'r51aDulVv0KEtMj406UOdJvuNtKteRaDsRZeuVC0A6ShUL+4bcWISGvhYhcjQPjPJ+lhsPjk5Qp5iDHj9MGK6/z8/3mSJ9RR+6PzK5WeHjxHZl5f2OIFachBKOSQv4576hleLvX1YO4olr5ke4Zr1A==', '2024-03-11 12:35:51', 'ADMIN', '::1', 'Chrome', 'Windows 10');

-- 导出  表 fastcc.sys_user_post 结构
CREATE TABLE IF NOT EXISTS `sys_user_post` (
  `user_id` bigint NOT NULL COMMENT '用户ID',
  `post_id` bigint NOT NULL COMMENT '岗位ID',
  PRIMARY KEY (`user_id`,`post_id`) USING BTREE
) ENGINE=InnoDB DEFAULT CHARSET=utf8mb4 COLLATE=utf8mb4_general_ci ROW_FORMAT=COMPACT COMMENT='用户与岗位关联表';

-- 正在导出表  fastcc.sys_user_post 的数据：~27 rows (大约)
INSERT INTO `sys_user_post` (`user_id`, `post_id`) VALUES
	(1, 2),
	(1, 3),
	(2, 1),
	(2, 2),
	(3, 2),
	(4, 1),
	(5, 2),
	(10, 1),
	(10, 2),
	(10, 3),
	(10, 4),
	(10, 5),
	(14, 1),
	(15, 4),
	(16, 2),
	(22, 1),
	(22, 2),
	(31, 2),
	(34, 1),
	(35, 2),
	(35, 3),
	(36, 1),
	(37, 3),
	(38, 2),
	(38, 3),
	(42, 2),
	(42, 3);

/*!40103 SET TIME_ZONE=IFNULL(@OLD_TIME_ZONE, 'system') */;
/*!40101 SET SQL_MODE=IFNULL(@OLD_SQL_MODE, '') */;
/*!40014 SET FOREIGN_KEY_CHECKS=IFNULL(@OLD_FOREIGN_KEY_CHECKS, 1) */;
/*!40101 SET CHARACTER_SET_CLIENT=@OLD_CHARACTER_SET_CLIENT */;
/*!40111 SET SQL_NOTES=IFNULL(@OLD_SQL_NOTES, 1) */;
